failure,error_count,task_hour,task_day_of_month,task_day_of_week,robot_id_length,software_version_length,product_code_type,error_severity,hourly_error_rate
0,14,7,5,1,15,31,1,14,0.0
0,14,16,5,1,15,31,1,14,0.0
0,13,10,6,2,15,15,2,13,0.0
0,9,10,7,3,15,15,2,9,0.0
0,13,10,7,3,15,15,2,13,0.0
0,13,9,8,4,15,15,2,13,0.0
0,13,12,8,4,15,15,2,13,0.0
0,13,19,8,4,15,15,2,13,0.0
0,13,20,8,4,15,15,2,13,0.0
0,13,10,9,5,15,15,2,13,0.0
0,13,12,9,5,15,15,2,13,0.0
0,14,14,11,0,15,31,1,14,0.0
0,13,16,13,2,15,15,2,13,0.0
0,14,8,14,3,15,31,1,14,0.0
0,14,10,14,3,15,31,1,14,0.0
0,14,11,14,3,15,31,1,14,0.0
0,13,11,14,3,15,15,2,13,0.0
0,14,16,15,4,15,31,1,14,0.0
0,14,19,15,4,15,31,1,14,0.0
0,14,21,15,4,15,31,1,14,0.0
0,14,21,15,4,15,31,1,14,0.0
0,14,5,16,5,15,31,1,14,0.0
0,14,3,19,1,15,31,1,14,0.0
0,14,6,19,1,15,31,1,14,0.0
0,14,7,19,1,15,31,1,14,0.0
0,14,16,19,1,15,31,1,14,0.0
0,14,17,20,2,15,31,1,14,18.0
0,13,11,21,3,15,15,2,13,0.0
0,14,7,22,4,15,31,1,14,0.0
0,14,10,22,4,15,31,1,14,0.0
0,14,11,22,4,15,31,1,14,0.0
0,13,11,22,4,15,15,2,13,0.0
0,13,13,22,4,15,15,2,13,0.0
0,14,23,22,4,15,31,1,14,0.0
0,14,7,23,5,15,31,1,14,0.0
0,14,9,24,6,15,31,1,14,0.0
0,14,3,25,0,15,31,1,14,0.0
0,14,6,26,1,15,31,1,14,0.0
0,13,10,26,1,15,15,2,13,0.0
0,13,16,26,1,15,15,2,13,0.0
0,13,18,26,1,15,15,2,13,0.0
0,14,9,27,2,15,31,1,14,0.0
0,14,17,27,2,15,31,1,14,6.0
0,13,10,28,3,15,15,2,13,0.0
0,13,15,28,3,15,15,2,13,0.0
0,13,9,29,4,15,15,2,13,0.0
0,14,21,29,4,15,31,1,14,0.0
0,14,5,30,5,15,31,1,14,0.0
0,14,16,30,5,15,32,1,14,0.0
0,13,9,31,6,15,15,2,13,0.0
0,14,10,31,6,15,31,1,14,0.0
0,13,11,31,6,15,15,2,13,0.0
0,13,15,31,6,15,15,2,13,0.0
0,13,15,31,6,15,15,2,13,0.0
0,14,8,2,1,15,31,1,14,13.0
0,14,8,2,1,15,31,1,14,13.0
0,14,8,2,1,15,32,1,14,13.0
0,14,9,2,1,15,32,1,14,4.0
0,14,9,2,1,15,32,1,14,3.0
0,14,10,2,1,15,32,1,14,14.0
0,13,10,2,1,15,15,2,13,0.0
0,14,20,4,3,15,32,1,14,0.0
0,14,10,9,1,15,31,1,14,0.0
0,13,10,10,2,15,15,2,13,0.0
0,13,10,11,3,15,15,2,13,0.0
0,13,14,11,3,15,15,2,13,0.0
0,13,16,11,3,15,15,2,13,0.0
0,14,20,11,3,15,32,1,14,0.0
0,12,10,13,5,15,15,2,12,0.0
0,14,19,13,5,15,32,1,14,27.0
0,14,17,15,0,15,32,1,14,0.0
0,14,22,15,0,15,32,1,14,0.0
0,13,11,16,1,15,15,2,13,0.0
0,13,11,16,1,15,15,2,13,0.0
0,13,14,16,1,15,15,2,13,0.0
0,14,8,17,2,15,31,1,14,0.0
0,14,8,18,3,15,32,1,14,7.0
0,14,7,19,4,15,32,1,14,14.0
0,14,10,19,4,15,31,1,14,0.0
0,14,15,19,4,15,32,1,14,6.0
0,14,6,21,6,15,32,1,14,0.0
0,14,10,22,0,15,32,1,14,0.0
0,14,21,22,0,15,32,1,14,0.0
0,13,10,23,1,15,15,2,13,0.0
0,13,14,23,1,15,9,5,13,0.0
0,13,16,23,1,15,9,5,13,0.0
0,14,19,23,1,15,32,1,14,0.0
0,14,6,24,2,15,32,1,14,0.0
0,13,14,24,2,15,15,2,13,0.0
0,13,16,24,2,15,15,2,13,0.0
0,13,0,25,3,15,15,2,13,0.0
0,13,1,25,3,15,15,2,13,0.0
0,14,8,26,4,15,31,1,14,5.0
0,13,11,28,6,15,15,2,13,0.0
0,13,12,28,6,15,15,2,13,0.0
0,14,9,29,0,15,32,1,14,0.0
0,14,11,29,0,15,32,1,14,0.0
0,14,8,30,1,15,31,1,14,0.0
0,13,11,30,1,15,15,2,13,0.0
0,14,12,30,1,15,31,1,14,0.0
0,14,7,3,4,15,32,1,14,0.0
0,14,7,4,5,15,32,1,14,0.0
0,14,11,5,6,15,31,1,14,0.0
0,14,1,7,1,15,32,1,14,0.0
0,14,4,7,1,15,32,1,14,0.0
0,13,13,8,2,15,15,2,13,0.0
0,14,8,9,3,15,32,1,14,10.0
0,14,10,9,3,15,32,1,14,3.0
0,14,10,9,3,15,32,1,14,3.0
0,14,7,12,6,15,32,1,14,0.0
0,14,4,14,1,15,32,1,14,0.0
0,14,14,15,2,15,32,1,14,8.0
0,14,9,16,3,15,31,1,14,0.0
0,14,21,16,3,15,32,1,14,4.0
0,13,11,17,4,15,9,5,13,0.0
0,14,8,18,5,15,32,1,14,8.0
0,13,12,18,5,15,9,5,13,0.0
0,14,4,21,1,15,32,1,14,0.0
0,14,8,21,1,15,32,1,14,0.0
0,14,9,21,1,15,32,1,14,3.0
0,13,10,21,1,15,9,5,13,0.0
0,13,10,21,1,15,15,2,13,0.0
0,13,12,21,1,15,15,2,13,0.0
0,14,7,22,2,15,32,1,14,0.0
0,13,13,22,2,15,9,5,13,0.0
0,13,10,23,3,15,15,2,13,0.0
0,14,20,23,3,15,32,1,14,10.0
0,13,10,24,4,15,15,2,13,0.0
0,14,19,24,4,15,32,1,14,15.0
0,14,20,24,4,15,32,1,14,0.0
0,14,9,25,5,15,32,1,14,3.0
0,14,13,25,5,15,32,1,14,19.0
0,14,15,25,5,15,32,1,14,5.0
0,14,12,26,6,15,32,1,14,0.0
0,14,11,27,0,15,32,1,14,0.0
0,14,9,28,1,15,32,1,14,0.0
0,13,10,28,1,15,15,2,13,0.0
0,14,10,28,1,15,32,1,14,32.0
0,14,16,28,1,15,32,1,14,13.0
0,14,16,28,1,15,32,1,14,13.0
0,14,7,30,3,15,32,1,14,35.0
0,14,7,31,4,15,32,1,14,22.0
0,14,7,4,1,15,32,1,14,0.0
0,28,8,4,1,15,32,1,28,15.0
0,14,8,4,1,15,32,1,14,15.0
0,14,8,4,1,15,32,1,14,9.0
0,14,9,4,1,15,32,1,14,14.0
0,14,9,4,1,15,32,1,14,14.0
0,14,10,4,1,15,32,1,14,16.0
0,14,10,4,1,15,32,1,14,3.0
0,14,10,4,1,15,32,1,14,11.0
0,23,10,4,1,15,32,1,23,3.0
0,14,11,4,1,15,32,1,14,3.0
0,14,11,4,1,15,32,1,14,3.0
0,14,12,4,1,15,32,1,14,0.0
0,14,15,4,1,15,32,1,14,19.0
0,14,15,4,1,15,32,1,14,19.0
0,14,17,4,1,15,32,1,14,0.0
0,14,17,4,1,15,32,1,14,0.0
0,14,6,7,4,15,32,1,14,0.0
0,14,8,7,4,15,32,1,14,23.0
0,14,9,7,4,15,32,1,14,0.0
0,13,13,8,5,15,9,5,13,0.0
0,14,4,10,0,15,32,1,14,0.0
0,14,12,11,1,15,32,1,14,0.0
0,13,10,12,2,15,9,5,13,0.0
0,14,10,14,4,15,32,1,14,16.0
0,14,8,15,5,15,32,1,14,9.0
0,14,8,15,5,15,32,1,14,5.0
0,14,8,15,5,15,32,1,14,13.0
0,14,8,15,5,15,32,1,14,4.0
0,14,9,15,5,15,32,1,14,11.0
0,14,9,15,5,15,32,1,14,11.0
0,14,9,15,5,15,32,1,14,0.0
0,13,14,15,5,15,9,5,13,10.0
0,13,14,15,5,15,9,5,13,10.0
0,14,14,19,2,15,32,1,14,0.0
0,14,5,22,5,15,32,1,14,0.0
0,14,5,22,5,15,32,1,14,0.0
0,14,7,22,5,15,32,1,14,0.0
0,14,7,22,5,15,32,1,14,0.0
0,13,13,22,5,15,9,5,13,0.0
0,14,11,25,1,15,32,1,14,3.0
0,14,13,25,1,15,32,1,14,3.0
0,14,13,25,1,15,32,1,14,5.0
0,14,13,25,1,15,32,1,14,3.0
0,14,13,25,1,15,32,1,14,6.0
0,14,13,25,1,15,32,1,14,6.0
0,13,10,26,2,15,9,5,13,0.0
0,13,9,27,3,15,9,5,13,0.0
0,13,9,29,5,15,9,5,13,0.0
0,15,7,31,0,15,32,4,15,0.0
0,13,9,31,0,15,27,4,13,3.0
0,13,9,31,0,15,27,4,13,3.0
0,15,14,31,0,15,32,4,15,0.0
0,15,14,31,0,15,32,4,15,0.0
0,13,15,31,0,15,27,4,13,0.0
0,13,16,31,0,15,27,4,13,0.0
0,14,1,1,1,15,32,1,14,0.0
0,13,7,1,1,15,15,2,13,0.0
0,13,8,1,1,15,27,4,13,0.0
0,13,9,1,1,15,9,5,13,0.0
0,14,9,1,1,15,32,1,14,0.0
0,13,9,1,1,15,27,4,13,0.0
0,15,10,1,1,15,32,4,15,0.0
0,15,10,1,1,15,32,4,15,0.0
0,13,10,1,1,15,27,4,13,0.0
0,13,12,1,1,15,27,4,13,8.0
0,13,13,1,1,15,27,4,13,0.0
0,13,14,1,1,15,15,2,13,0.0
0,14,15,1,1,15,32,1,14,0.0
0,13,17,1,1,15,27,4,13,0.0
0,15,17,1,1,15,32,4,15,0.0
0,13,22,1,1,15,27,4,13,0.0
0,13,23,1,1,15,27,4,13,0.0
0,13,8,2,2,15,27,4,13,0.0
0,13,10,2,2,15,26,5,13,0.0
0,13,10,2,2,15,9,5,13,0.0
0,15,11,2,2,15,32,4,15,0.0
0,13,11,2,2,15,26,5,13,0.0
0,13,12,2,2,15,27,4,13,0.0
0,15,12,2,2,15,32,4,15,0.0
0,15,12,2,2,15,32,4,15,0.0
0,15,12,2,2,15,32,4,15,0.0
0,14,15,2,2,15,32,1,14,15.0
0,13,16,2,2,15,27,4,13,0.0
0,14,16,2,2,15,32,1,14,13.0
0,14,16,2,2,15,32,1,14,13.0
0,13,17,2,2,15,27,4,13,0.0
0,14,17,2,2,15,32,1,14,0.0
0,13,18,2,2,15,27,4,13,0.0
0,15,18,2,2,15,32,4,15,0.0
0,13,21,2,2,15,27,4,13,0.0
0,15,22,2,2,15,32,4,15,0.0
0,13,22,2,2,15,27,4,13,0.0
0,15,5,3,3,15,32,4,15,0.0
0,13,6,3,3,15,27,4,13,0.0
0,13,8,3,3,15,27,4,13,0.0
1,10,9,3,3,15,15,2,10,0.0
1,10,9,3,3,15,15,2,10,0.0
1,10,10,3,3,15,15,2,10,0.0
1,10,10,3,3,15,15,2,10,0.0
1,10,10,3,3,15,15,2,10,0.0
1,10,10,3,3,15,15,2,10,0.0
1,10,10,3,3,15,15,2,10,0.0
1,10,10,3,3,15,15,2,10,0.0
1,10,11,3,3,15,15,2,10,0.0
1,10,11,3,3,15,15,2,10,0.0
0,13,11,3,3,15,15,2,13,0.0
0,13,11,3,3,15,15,2,13,0.0
0,13,11,3,3,15,27,4,13,6.0
0,13,11,3,3,15,27,4,13,6.0
0,13,11,3,3,15,27,4,13,0.0
0,13,11,3,3,15,27,4,13,6.0
0,13,11,3,3,15,27,4,13,6.0
0,13,11,3,3,15,27,4,13,0.0
0,13,11,3,3,15,27,4,13,6.0
0,13,12,3,3,15,27,4,13,0.0
0,13,12,3,3,15,27,4,13,0.0
0,13,13,3,3,15,9,5,13,0.0
0,15,14,3,3,15,32,4,15,0.0
0,15,14,3,3,15,32,4,15,0.0
0,13,17,3,3,15,15,2,13,0.0
0,13,17,3,3,15,27,4,13,0.0
0,13,18,3,3,15,27,4,13,0.0
0,15,18,3,3,15,32,4,15,0.0
0,13,18,3,3,15,27,4,13,0.0
0,13,19,3,3,15,27,4,13,0.0
0,13,19,3,3,15,15,2,13,0.0
0,13,19,3,3,15,15,2,13,0.0
0,13,19,3,3,15,27,4,13,0.0
0,13,20,3,3,15,15,2,13,0.0
0,13,20,3,3,15,15,2,13,0.0
0,13,20,3,3,15,15,2,13,0.0
0,13,20,3,3,15,15,2,13,0.0
0,13,21,3,3,15,15,2,13,0.0
0,13,21,3,3,15,15,2,13,0.0
0,13,21,3,3,15,27,4,13,0.0
0,13,8,4,4,15,27,4,13,0.0
0,13,9,4,4,15,26,5,13,0.0
0,13,9,4,4,15,15,2,13,0.0
0,13,9,4,4,15,15,2,13,0.0
0,13,9,4,4,15,15,2,13,0.0
0,13,10,4,4,15,9,5,13,0.0
0,15,10,4,4,15,32,4,15,0.0
0,13,10,4,4,15,27,4,13,0.0
0,13,10,4,4,15,27,4,13,0.0
0,13,11,4,4,15,15,2,13,0.0
0,14,15,4,4,15,32,1,14,12.0
0,14,15,4,4,15,32,1,14,12.0
0,15,18,4,4,15,32,4,15,0.0
0,15,18,4,4,15,32,4,15,0.0
0,13,20,4,4,15,9,5,13,0.0
0,13,22,4,4,15,9,5,13,0.0
0,15,23,4,4,15,32,4,15,0.0
0,13,6,5,5,15,27,4,13,0.0
0,13,8,5,5,15,27,4,13,0.0
0,13,8,5,5,15,27,4,13,0.0
0,13,9,5,5,15,9,5,13,0.0
0,13,9,5,5,15,9,5,13,0.0
0,13,11,5,5,15,26,5,13,3.0
0,13,11,5,5,15,15,2,13,0.0
0,13,11,5,5,15,26,5,13,3.0
0,13,11,5,5,15,9,5,13,6.0
0,13,12,5,5,15,26,5,13,0.0
0,13,12,5,5,15,26,5,13,0.0
0,15,12,5,5,15,32,4,15,0.0
0,13,13,5,5,15,27,4,13,41.0
0,13,14,5,5,15,27,4,13,0.0
0,13,14,5,5,15,26,5,13,0.0
0,14,16,5,5,15,32,1,14,0.0
0,15,18,5,5,15,32,4,15,0.0
0,15,23,5,5,15,32,4,15,0.0
0,13,2,6,6,15,27,4,13,0.0
0,13,5,6,6,15,27,4,13,0.0
0,15,5,6,6,15,32,4,15,0.0
0,15,18,6,6,15,32,4,15,0.0
0,13,22,6,6,15,27,4,13,0.0
0,13,22,6,6,15,27,4,13,0.0
0,13,0,7,0,15,27,4,13,0.0
0,13,0,7,0,15,27,4,13,0.0
0,13,8,7,0,15,9,5,13,0.0
0,13,9,7,0,15,27,4,13,0.0
0,13,10,7,0,15,26,5,13,0.0
0,13,11,7,0,15,9,5,13,4.0
0,13,7,8,1,15,26,5,13,0.0
0,13,7,8,1,15,15,2,13,0.0
0,14,8,8,1,15,32,1,14,21.0
0,13,8,8,1,15,27,4,13,6.0
0,13,8,8,1,15,27,4,13,0.0
0,13,9,8,1,15,27,4,13,0.0
0,13,10,8,1,15,27,4,13,0.0
0,15,10,8,1,15,32,4,15,0.0
0,13,10,8,1,15,27,4,13,0.0
0,13,10,8,1,15,27,4,13,0.0
0,13,12,8,1,15,27,4,13,0.0
0,15,12,8,1,15,32,4,15,0.0
0,13,12,8,1,15,27,4,13,0.0
0,13,14,8,1,15,26,5,13,0.0
0,13,14,8,1,15,26,5,13,0.0
0,15,15,8,1,15,32,4,15,0.0
0,13,16,8,1,15,27,4,13,0.0
0,13,16,8,1,15,15,2,13,0.0
0,13,16,8,1,15,27,4,13,0.0
0,13,17,8,1,15,15,2,13,0.0
0,13,17,8,1,15,15,2,13,0.0
0,13,17,8,1,15,15,2,13,0.0
0,13,18,8,1,15,9,5,13,0.0
0,13,18,8,1,15,15,2,13,0.0
0,13,18,8,1,15,15,2,13,0.0
0,13,18,8,1,15,27,4,13,0.0
0,13,18,8,1,15,15,2,13,0.0
0,13,18,8,1,15,15,2,13,0.0
0,13,18,8,1,15,15,2,13,0.0
0,9,20,8,1,15,15,2,9,0.0
0,13,21,8,1,15,15,2,13,0.0
0,13,21,8,1,15,15,2,13,0.0
0,13,21,8,1,15,15,2,13,0.0
0,13,21,8,1,15,15,2,13,0.0
0,13,21,8,1,15,15,2,13,0.0
0,13,21,8,1,15,15,2,13,0.0
0,13,21,8,1,15,15,2,13,0.0
0,13,22,8,1,15,27,4,13,0.0
0,13,22,8,1,15,27,4,13,0.0
0,13,1,9,2,15,27,4,13,0.0
0,14,7,9,2,15,32,1,14,0.0
0,14,7,9,2,15,32,1,14,28.0
0,13,8,9,2,15,15,2,13,0.0
0,13,8,9,2,15,9,5,13,0.0
0,13,8,9,2,15,27,4,13,0.0
0,15,8,9,2,15,32,4,15,0.0
0,13,8,9,2,15,27,4,13,0.0
0,13,10,9,2,15,15,2,13,0.0
0,14,10,9,2,15,32,1,14,7.0
0,15,10,9,2,15,32,4,15,0.0
0,15,10,9,2,15,32,4,15,0.0
0,13,11,9,2,15,9,5,13,0.0
0,13,11,9,2,15,27,4,13,0.0
0,15,11,9,2,15,32,4,15,0.0
0,15,12,9,2,15,32,4,15,0.0
0,15,12,9,2,15,32,4,15,0.0
0,13,12,9,2,15,27,4,13,0.0
0,15,12,9,2,15,32,4,15,0.0
0,15,12,9,2,15,32,4,15,0.0
0,15,12,9,2,15,32,4,15,0.0
0,13,12,9,2,15,15,2,13,0.0
0,13,13,9,2,15,15,2,13,0.0
0,13,13,9,2,15,15,2,13,0.0
0,13,14,9,2,15,27,4,13,0.0
0,15,14,9,2,15,32,4,15,0.0
0,15,14,9,2,15,32,4,15,0.0
0,15,14,9,2,15,32,4,15,0.0
0,15,15,9,2,15,32,4,15,0.0
0,13,15,9,2,15,15,2,13,0.0
0,13,15,9,2,15,15,2,13,0.0
0,13,16,9,2,15,15,2,13,0.0
0,13,17,9,2,15,27,4,13,0.0
0,13,17,9,2,15,15,2,13,0.0
0,13,17,9,2,15,15,2,13,0.0
0,13,17,9,2,15,15,2,13,0.0
0,13,17,9,2,15,15,2,13,0.0
0,13,18,9,2,15,15,2,13,0.0
0,15,18,9,2,15,32,4,15,0.0
0,13,19,9,2,15,15,2,13,0.0
0,13,19,9,2,15,15,2,13,0.0
0,13,19,9,2,15,15,2,13,0.0
0,13,20,9,2,15,15,2,13,0.0
0,13,21,9,2,15,9,2,13,0.0
0,13,21,9,2,15,15,2,13,0.0
0,13,21,9,2,15,15,2,13,0.0
0,13,21,9,2,15,15,2,13,0.0
0,13,21,9,2,15,15,2,13,0.0
0,13,22,9,2,15,15,2,13,0.0
0,13,22,9,2,15,15,2,13,0.0
0,13,23,9,2,15,15,2,13,0.0
0,13,23,9,2,15,15,2,13,0.0
0,13,8,10,3,15,26,5,13,0.0
0,13,8,10,3,15,9,5,13,0.0
0,13,8,10,3,15,27,4,13,0.0
0,15,8,10,3,15,32,4,15,0.0
0,13,9,10,3,15,15,2,13,0.0
0,13,9,10,3,15,15,2,13,0.0
0,15,10,10,3,15,32,4,15,0.0
0,13,10,10,3,15,27,4,13,0.0
0,13,11,10,3,15,15,2,13,0.0
0,13,12,10,3,15,15,2,13,5.0
0,15,12,10,3,15,32,4,15,0.0
0,13,12,10,3,15,27,4,13,0.0
0,13,12,10,3,15,15,2,13,0.0
0,13,13,10,3,15,15,2,13,0.0
0,15,14,10,3,15,32,4,15,0.0
0,13,15,10,3,15,15,2,13,0.0
0,13,16,10,3,15,15,2,13,0.0
0,13,17,10,3,15,15,2,13,0.0
0,13,17,10,3,15,15,2,13,0.0
0,15,18,10,3,15,32,4,15,0.0
0,14,20,10,3,15,32,1,14,12.0
0,14,21,10,3,15,32,1,14,21.0
0,14,21,10,3,15,32,1,14,21.0
0,14,21,10,3,15,32,1,14,21.0
0,14,21,10,3,15,32,1,14,21.0
0,14,21,10,3,15,32,1,14,21.0
0,14,8,11,4,15,32,1,14,18.0
0,13,9,11,4,15,27,4,13,0.0
0,13,9,11,4,15,27,4,13,0.0
0,13,9,11,4,15,15,2,13,0.0
0,13,9,11,4,15,9,5,13,0.0
0,13,10,11,4,15,15,2,13,0.0
0,13,10,11,4,15,15,2,13,0.0
0,15,10,11,4,15,32,4,15,0.0
0,15,10,11,4,15,32,4,15,0.0
0,13,10,11,4,15,15,2,13,0.0
0,13,10,11,4,15,9,5,13,0.0
0,15,12,11,4,15,32,4,15,0.0
0,13,12,11,4,15,27,4,13,0.0
0,15,12,11,4,15,32,4,15,0.0
0,13,13,11,4,15,27,4,13,0.0
0,13,13,11,4,15,27,4,13,0.0
0,14,13,11,4,15,32,1,14,16.0
0,13,13,11,4,15,15,2,13,0.0
0,13,14,11,4,15,15,2,13,0.0
0,13,14,11,4,15,26,5,13,0.0
0,13,14,11,4,15,15,2,13,0.0
0,13,16,11,4,15,27,4,13,0.0
0,13,16,11,4,15,15,2,13,0.0
0,13,16,11,4,15,15,2,13,0.0
0,13,16,11,4,15,15,2,13,0.0
0,13,17,11,4,15,15,2,13,0.0
0,13,17,11,4,15,15,2,13,0.0
0,13,17,11,4,15,15,2,13,0.0
0,13,17,11,4,15,15,2,13,0.0
0,13,17,11,4,15,27,4,13,3.0
0,13,17,11,4,15,27,4,13,3.0
0,13,17,11,4,15,27,4,13,0.0
0,13,18,11,4,15,27,4,13,0.0
0,15,22,11,4,15,32,4,15,0.0
0,13,22,11,4,15,27,4,13,0.0
0,15,5,12,5,15,32,4,15,0.0
0,13,5,12,5,15,27,4,13,0.0
0,13,8,12,5,15,26,5,13,0.0
0,14,10,12,5,15,32,1,14,13.0
0,13,10,12,5,15,9,5,13,4.0
0,13,10,12,5,15,9,5,13,4.0
0,14,10,12,5,15,32,1,14,0.0
0,13,11,12,5,15,27,4,13,0.0
0,13,11,12,5,15,27,4,13,0.0
0,13,12,12,5,15,27,4,13,4.0
0,15,12,12,5,15,32,4,15,0.0
0,13,12,12,5,15,27,4,13,4.0
0,15,12,12,5,15,32,4,15,0.0
0,13,12,12,5,15,27,4,13,4.0
0,13,14,12,5,15,27,4,13,0.0
0,15,22,12,5,15,32,4,15,0.0
0,13,22,12,5,15,27,4,13,0.0
0,15,22,12,5,15,32,4,15,0.0
0,13,6,13,6,15,27,4,13,0.0
0,13,7,13,6,15,9,5,13,0.0
0,13,9,13,6,15,27,4,13,0.0
0,14,10,13,6,15,32,1,14,0.0
0,13,10,13,6,15,9,5,13,8.0
0,15,11,13,6,15,32,4,15,0.0
0,13,13,13,6,15,27,4,13,4.0
0,13,13,13,6,15,27,4,13,4.0
0,13,13,13,6,15,27,4,13,4.0
0,13,14,13,6,15,27,4,13,0.0
0,13,14,13,6,15,27,4,13,0.0
0,13,17,13,6,15,26,5,13,0.0
0,13,20,13,6,15,9,5,13,4.0
0,13,3,14,0,15,27,4,13,0.0
0,13,9,14,0,15,27,4,13,0.0
0,13,16,14,0,15,27,4,13,0.0
0,13,21,14,0,15,27,4,13,0.0
0,14,7,15,1,15,32,1,14,15.0
0,15,11,15,1,15,32,4,15,0.0
0,13,11,15,1,15,27,4,13,0.0
0,15,11,15,1,15,32,4,15,0.0
0,15,11,15,1,15,32,4,15,0.0
0,15,11,15,1,15,32,4,15,0.0
0,15,12,15,1,15,32,4,15,0.0
0,15,12,15,1,15,32,4,15,0.0
0,13,12,15,1,15,27,4,13,0.0
0,13,13,15,1,15,27,4,13,0.0
0,15,14,15,1,15,32,4,15,0.0
0,13,15,15,1,15,9,5,13,0.0
0,13,16,15,1,15,9,5,13,0.0
0,13,16,15,1,15,9,5,13,0.0
0,12,17,15,1,15,9,5,12,4.0
0,13,17,15,1,15,9,5,13,4.0
0,3,17,15,1,15,9,5,3,4.0
0,13,17,15,1,15,9,5,13,4.0
0,13,17,15,1,15,9,5,13,4.0
0,13,18,15,1,15,27,4,13,0.0
0,15,18,15,1,15,32,4,15,0.0
0,13,18,15,1,15,27,4,13,0.0
0,13,18,15,1,15,9,5,13,0.0
0,13,18,15,1,15,9,5,13,0.0
0,14,20,15,1,15,32,1,14,16.0
0,13,8,16,2,15,27,4,13,0.0
0,13,8,16,2,15,27,4,13,0.0
0,13,8,16,2,15,9,5,13,0.0
0,4,8,16,2,15,9,5,4,0.0
0,13,9,16,2,15,9,5,13,3.0
0,15,9,16,2,15,32,4,15,0.0
0,13,9,16,2,15,27,4,13,0.0
0,14,11,16,2,15,32,1,14,20.0
0,13,12,16,2,15,27,4,13,0.0
0,15,12,16,2,15,32,4,15,0.0
0,15,13,16,2,15,32,4,15,0.0
0,13,13,16,2,15,27,4,13,0.0
0,13,14,16,2,15,9,5,13,0.0
0,13,14,16,2,15,15,2,13,0.0
0,13,14,16,2,15,15,2,13,0.0
0,13,14,16,2,15,15,2,13,0.0
0,15,15,16,2,15,32,4,15,0.0
0,15,15,16,2,15,32,4,15,0.0
0,13,16,16,2,15,9,5,13,0.0
0,13,17,16,2,15,27,4,13,0.0
0,15,20,16,2,15,32,4,15,0.0
0,13,22,16,2,15,27,4,13,0.0
0,15,22,16,2,15,32,4,15,0.0
0,13,22,16,2,15,27,4,13,0.0
0,13,1,17,3,15,26,5,13,0.0
0,13,2,17,3,15,27,4,13,0.0
0,14,5,17,3,15,32,1,14,0.0
0,13,5,17,3,15,27,4,13,0.0
0,15,6,17,3,15,32,4,15,0.0
0,13,9,17,3,15,15,2,13,0.0
0,13,9,17,3,15,27,4,13,0.0
0,13,10,17,3,15,27,4,13,0.0
0,13,10,17,3,15,27,4,13,0.0
0,14,10,17,3,15,32,1,14,0.0
0,13,11,17,3,15,9,5,13,5.0
0,13,11,17,3,15,15,2,13,0.0
0,13,11,17,3,15,15,2,13,0.0
0,13,11,17,3,15,27,4,13,0.0
0,13,12,17,3,15,27,4,13,0.0
0,4,12,17,3,15,9,5,4,0.0
0,13,13,17,3,15,15,2,13,0.0
0,13,13,17,3,15,27,4,13,0.0
0,13,13,17,3,15,27,4,13,0.0
0,14,9,7,3,15,32,1,14,0.0
0,13,14,17,3,15,27,4,13,0.0
1,8,14,17,3,15,15,2,8,0.0
1,10,15,17,3,15,15,2,10,0.0
1,10,15,17,3,15,15,2,10,0.0
1,10,15,17,3,15,15,2,10,0.0
0,15,15,17,3,15,15,2,15,0.0
0,13,15,17,3,15,27,4,13,0.0
0,13,16,17,3,15,15,2,13,0.0
0,13,16,17,3,15,15,2,13,0.0
0,13,20,17,3,15,27,4,13,0.0
1,6,21,17,3,15,9,2,6,0.0
1,16,21,17,3,15,9,2,16,0.0
1,8,21,17,3,15,9,2,8,0.0
1,8,22,17,3,15,16,2,8,0.0
1,8,22,17,3,15,16,2,8,0.0
1,10,22,17,3,15,16,2,10,0.0
1,10,22,17,3,15,16,2,10,0.0
0,13,22,17,3,15,16,2,13,0.0
0,13,4,18,4,15,27,4,13,0.0
0,13,5,18,4,15,27,4,13,0.0
0,13,7,18,4,15,9,5,13,0.0
0,14,7,18,4,15,32,1,14,0.0
0,13,9,18,4,15,27,4,13,0.0
0,15,9,18,4,15,32,4,15,0.0
0,13,9,18,4,15,15,2,13,0.0
0,13,10,18,4,15,16,2,13,0.0
0,13,11,18,4,15,15,2,13,0.0
0,13,11,18,4,15,16,2,13,0.0
0,13,11,18,4,15,27,4,13,0.0
0,13,11,18,4,15,16,2,13,0.0
0,13,12,18,4,15,15,2,13,0.0
0,15,12,18,4,15,32,4,15,0.0
0,13,12,18,4,15,27,4,13,0.0
0,13,12,18,4,15,9,5,13,3.0
0,13,12,18,4,15,9,5,13,3.0
0,13,12,18,4,15,15,2,13,0.0
0,13,13,18,4,15,27,4,13,0.0
0,13,14,18,4,15,15,2,13,0.0
0,13,14,18,4,15,27,4,13,0.0
0,15,14,18,4,15,32,4,15,0.0
0,13,14,18,4,15,27,4,13,0.0
0,13,14,18,4,15,15,2,13,0.0
0,4,15,18,4,15,9,5,4,0.0
0,13,15,18,4,15,27,4,13,0.0
0,13,15,18,4,15,15,2,13,0.0
0,13,16,18,4,15,26,5,13,0.0
0,13,18,18,4,15,27,4,13,5.0
1,8,19,18,4,15,9,2,8,0.0
1,13,19,18,4,15,9,2,13,0.0
1,9,19,18,4,15,9,2,9,0.0
1,8,19,18,4,15,9,2,8,0.0
1,3,19,18,4,15,9,2,3,0.0
1,3,19,18,4,15,9,2,3,0.0
1,3,21,18,4,15,9,2,3,0.0
1,3,21,18,4,15,9,2,3,0.0
1,10,22,18,4,15,15,2,10,0.0
0,15,22,18,4,15,15,2,15,0.0
0,13,22,18,4,15,15,2,13,0.0
0,14,22,18,4,15,32,1,14,3.0
0,13,0,19,5,15,26,5,13,0.0
0,14,7,19,5,15,32,1,14,3.0
0,13,8,19,5,15,27,4,13,0.0
0,15,8,19,5,15,32,4,15,0.0
0,13,8,19,5,15,27,4,13,0.0
0,13,9,19,5,15,27,4,13,0.0
0,13,9,19,5,15,27,4,13,0.0
0,13,9,19,5,15,27,4,13,0.0
0,13,9,19,5,15,15,2,13,0.0
0,13,9,19,5,15,15,2,13,0.0
0,13,9,19,5,15,27,4,13,0.0
0,13,11,19,5,15,27,4,13,0.0
0,13,11,19,5,15,26,5,13,0.0
0,13,11,19,5,15,27,4,13,0.0
0,13,11,19,5,15,15,2,13,0.0
0,13,12,19,5,15,27,4,13,4.0
0,13,12,19,5,15,27,4,13,4.0
0,13,12,19,5,15,27,4,13,4.0
0,13,13,19,5,15,26,5,13,0.0
0,13,14,19,5,15,15,2,13,0.0
1,8,14,19,5,15,15,2,8,0.0
0,13,14,19,5,15,15,2,13,0.0
0,13,15,19,5,15,27,4,13,0.0
0,13,15,19,5,15,27,4,13,0.0
0,14,16,19,5,15,32,1,14,6.0
0,14,19,19,5,15,32,1,14,27.0
0,14,20,19,5,15,32,1,14,6.0
0,14,7,20,6,15,32,1,14,0.0
0,13,10,20,6,15,9,5,13,10.0
0,14,19,20,6,15,32,1,14,0.0
0,13,13,21,0,15,27,4,13,0.0
0,13,13,21,0,15,27,4,13,0.0
0,13,15,21,0,15,27,4,13,4.0
0,13,17,21,0,15,27,4,13,0.0
0,13,1,22,1,15,26,5,13,0.0
0,14,7,22,1,15,32,1,14,0.0
0,14,8,22,1,15,32,1,14,5.0
0,13,9,22,1,15,15,2,13,0.0
0,13,10,22,1,15,27,4,13,0.0
0,14,10,22,1,15,32,1,14,11.0
0,13,12,22,1,15,27,4,13,0.0
0,13,13,22,1,15,27,4,13,0.0
0,13,14,22,1,15,15,2,13,0.0
0,13,14,22,1,15,9,5,13,0.0
0,3,15,22,1,15,15,2,3,0.0
0,13,16,22,1,15,15,2,13,0.0
0,13,17,22,1,15,15,2,13,0.0
0,13,18,22,1,15,15,2,13,0.0
0,13,18,22,1,15,15,2,13,0.0
0,13,18,22,1,15,15,2,13,0.0
0,13,18,22,1,15,15,2,13,0.0
0,13,18,22,1,15,15,2,13,0.0
0,13,18,22,1,15,15,2,13,0.0
0,13,18,22,1,15,15,2,13,0.0
0,13,21,22,1,15,27,4,13,0.0
0,13,21,22,1,15,15,2,13,0.0
0,13,21,22,1,15,15,2,13,0.0
0,13,21,22,1,15,26,5,13,0.0
0,13,21,22,1,15,15,2,13,0.0
0,13,8,23,2,15,15,2,13,0.0
0,13,9,23,2,15,27,4,13,0.0
0,15,9,23,2,15,32,4,15,0.0
0,15,10,23,2,15,32,4,15,0.0
0,13,10,23,2,15,27,4,13,4.0
0,15,10,23,2,15,32,4,15,0.0
0,14,10,23,2,15,32,1,14,0.0
0,15,10,23,2,15,32,4,15,0.0
0,15,10,23,2,15,32,4,15,0.0
0,13,10,23,2,15,27,4,13,4.0
0,13,10,23,2,15,27,4,13,4.0
0,15,10,23,2,15,32,4,15,0.0
0,13,11,23,2,15,27,4,13,0.0
0,13,11,23,2,15,27,4,13,0.0
0,13,11,23,2,15,27,4,13,0.0
0,13,11,23,2,15,27,4,13,0.0
0,13,11,23,2,15,27,4,13,0.0
0,13,14,23,2,15,27,4,13,0.0
0,13,16,23,2,15,15,2,13,0.0
0,13,16,23,2,15,15,2,13,0.0
0,13,16,23,2,15,27,4,13,0.0
0,13,17,23,2,15,26,5,13,0.0
0,13,18,23,2,15,26,5,13,0.0
0,13,19,23,2,15,26,5,13,0.0
0,13,21,23,2,15,27,4,13,0.0
0,13,21,23,2,15,27,4,13,0.0
0,13,21,23,2,15,15,2,13,0.0
0,13,21,23,2,15,27,4,13,0.0
0,13,8,24,3,15,27,4,13,0.0
0,13,9,24,3,15,27,4,13,0.0
0,13,10,24,3,15,15,2,13,0.0
0,13,10,24,3,15,15,2,13,0.0
0,15,11,24,3,15,32,4,15,0.0
0,13,11,24,3,15,27,4,13,0.0
0,13,11,24,3,15,15,2,13,0.0
0,13,11,24,3,15,27,4,13,0.0
0,13,12,24,3,15,15,2,13,0.0
0,13,12,24,3,15,27,4,13,0.0
1,11,14,24,3,15,27,4,11,0.0
1,11,15,24,3,15,27,4,11,0.0
1,11,15,24,3,15,27,4,11,0.0
1,11,16,24,3,15,27,4,11,0.0
1,11,16,24,3,15,27,4,11,0.0
1,11,16,24,3,15,27,4,11,0.0
1,11,16,24,3,15,27,4,11,0.0
1,11,16,24,3,15,27,4,11,0.0
1,11,16,24,3,15,27,4,11,0.0
1,11,16,24,3,15,27,4,11,0.0
1,11,16,24,3,15,27,4,11,0.0
0,13,16,24,3,15,27,4,13,0.0
0,13,18,24,3,15,26,5,13,0.0
0,13,21,24,3,15,27,4,13,6.0
0,13,10,25,4,15,27,4,13,0.0
0,13,10,25,4,15,15,2,13,0.0
0,13,11,25,4,15,15,2,13,0.0
0,13,12,25,4,15,15,2,13,0.0
0,15,13,25,4,15,32,4,15,0.0
0,13,13,25,4,15,26,5,13,0.0
0,14,13,25,4,15,32,1,14,16.0
0,13,14,25,4,15,15,2,13,0.0
0,13,14,25,4,15,27,4,13,0.0
0,13,15,25,4,15,15,2,13,0.0
0,13,15,25,4,15,15,2,13,0.0
0,13,15,25,4,15,27,4,13,0.0
0,13,20,25,4,15,9,5,13,0.0
0,13,20,25,4,15,15,2,13,0.0
0,14,21,25,4,15,32,1,14,4.0
0,14,21,25,4,15,32,1,14,4.0
1,9,23,25,4,15,9,2,9,0.0
1,3,23,25,4,15,9,2,3,0.0
1,8,0,26,5,15,16,2,8,0.0
0,15,0,26,5,15,16,2,15,0.0
0,13,0,26,5,15,26,5,13,0.0
0,13,0,26,5,15,16,2,13,0.0
0,13,0,26,5,15,16,2,13,0.0
0,13,0,26,5,15,16,2,13,0.0
0,13,1,26,5,15,16,2,13,9.0
0,13,1,26,5,15,16,2,13,9.0
0,13,9,26,5,15,27,4,13,0.0
0,13,9,26,5,15,27,4,13,0.0
0,13,10,26,5,15,27,4,13,0.0
0,13,13,26,5,15,27,4,13,0.0
0,13,14,26,5,15,27,4,13,0.0
0,13,15,26,5,15,15,2,13,0.0
0,13,15,26,5,15,16,2,13,0.0
0,13,16,26,5,15,16,2,13,0.0
0,13,16,26,5,15,27,4,13,0.0
0,13,21,26,5,15,27,4,13,3.0
0,13,22,26,5,15,27,4,13,0.0
0,13,6,27,6,15,27,4,13,0.0
0,13,8,27,6,15,27,4,13,0.0
0,12,14,27,6,15,27,4,12,0.0
0,13,14,27,6,15,9,5,13,0.0
0,13,14,27,6,15,9,5,13,0.0
0,13,15,27,6,15,9,5,13,0.0
0,13,15,27,6,15,9,5,13,0.0
0,13,15,27,6,15,27,4,13,0.0
0,13,0,28,0,15,27,4,13,0.0
0,13,11,28,0,15,9,5,13,4.0
0,13,16,28,0,15,27,4,13,0.0
0,13,17,28,0,15,26,5,13,0.0
0,13,21,28,0,15,15,2,13,0.0
0,13,7,29,1,15,27,4,13,0.0
0,14,8,29,1,15,32,1,14,6.0
0,13,8,29,1,15,27,4,13,0.0
0,13,9,29,1,15,27,4,13,0.0
0,13,10,29,1,15,27,4,13,0.0
0,13,10,29,1,15,27,4,13,0.0
0,14,10,29,1,15,32,1,14,7.0
0,13,11,29,1,15,27,4,13,4.0
0,13,11,29,1,15,27,4,13,4.0
0,13,12,29,1,15,27,4,13,0.0
0,13,13,29,1,15,15,2,13,0.0
0,14,14,29,1,15,32,1,14,22.0
0,13,14,29,1,15,15,2,13,4.0
0,13,14,29,1,15,27,4,13,0.0
0,13,15,29,1,15,15,2,13,0.0
0,13,16,29,1,15,27,4,13,0.0
0,13,16,29,1,15,15,2,13,0.0
0,9,16,29,1,15,15,2,9,0.0
0,13,17,29,1,15,27,4,13,0.0
0,13,21,29,1,15,27,4,13,0.0
0,14,5,30,2,15,32,1,14,0.0
0,13,9,30,2,15,15,2,13,0.0
0,13,10,30,2,15,15,2,13,0.0
0,13,11,30,2,15,15,2,13,0.0
0,13,11,30,2,15,27,4,13,0.0
0,14,13,30,2,15,32,1,14,15.0
0,13,13,30,2,15,27,4,13,0.0
0,13,13,30,2,15,15,2,13,0.0
0,13,15,30,2,15,27,4,13,3.0
0,13,15,30,2,15,27,4,13,3.0
0,13,15,30,2,15,27,4,13,3.0
0,13,16,30,2,15,27,4,13,0.0
0,13,16,30,2,15,27,4,13,0.0
0,13,19,30,2,15,27,4,13,0.0
0,14,19,30,2,15,32,1,14,6.0
0,13,19,30,2,15,27,4,13,0.0
0,13,22,30,2,15,27,4,13,0.0
0,13,22,30,2,15,27,4,13,0.0
0,13,1,1,3,15,27,4,13,0.0
0,13,1,1,3,15,27,4,13,0.0
0,13,1,1,3,15,27,4,13,0.0
0,13,8,1,3,15,27,4,13,4.0
0,13,8,1,3,15,27,4,13,4.0
0,13,8,1,3,15,27,4,13,4.0
0,13,8,1,3,15,27,4,13,4.0
0,13,10,1,3,15,27,4,13,0.0
0,13,10,1,3,15,15,2,13,0.0
0,13,11,1,3,15,27,4,13,0.0
0,13,11,1,3,15,27,4,13,0.0
0,13,12,1,3,15,27,4,13,0.0
0,13,12,1,3,15,27,4,13,0.0
0,13,12,1,3,15,27,4,13,0.0
0,13,13,1,3,15,27,4,13,0.0
0,13,13,1,3,15,27,4,13,0.0
0,13,13,1,3,15,27,4,13,0.0
0,13,15,1,3,15,27,4,13,0.0
0,13,15,1,3,15,27,4,13,0.0
0,13,19,1,3,15,27,4,13,0.0
0,14,20,1,3,15,32,1,14,5.0
0,13,7,2,4,15,27,4,13,0.0
0,13,8,2,4,15,27,4,13,0.0
0,13,11,2,4,15,16,2,13,0.0
0,13,11,2,4,15,16,2,13,0.0
0,13,13,2,4,15,15,2,13,0.0
0,13,13,2,4,15,15,2,13,0.0
0,13,14,2,4,15,27,4,13,0.0
0,13,14,2,4,15,26,5,13,0.0
0,13,15,2,4,15,16,2,13,0.0
0,13,15,2,4,15,16,2,13,0.0
0,13,16,2,4,15,16,2,13,0.0
0,13,16,2,4,15,27,4,13,0.0
0,13,19,2,4,15,26,5,13,0.0
0,4,8,3,5,15,9,5,4,0.0
0,13,10,3,5,15,16,2,13,0.0
0,14,14,3,5,15,32,1,14,11.0
0,14,14,3,5,15,32,1,14,16.0
0,13,16,3,5,15,27,4,13,0.0
0,13,16,3,5,15,27,4,13,0.0
0,13,17,3,5,15,27,4,13,0.0
0,14,9,4,6,15,32,1,14,10.0
0,13,11,4,6,15,26,5,13,0.0
0,13,11,4,6,15,27,4,13,0.0
0,13,12,4,6,15,27,4,13,0.0
0,13,18,4,6,15,27,4,13,0.0
0,13,22,4,6,15,27,4,13,0.0
0,14,10,5,0,15,32,1,14,0.0
0,13,10,5,0,15,27,4,13,0.0
0,13,10,5,0,15,27,4,13,0.0
0,13,11,5,0,15,27,4,13,0.0
0,13,11,5,0,15,27,4,13,0.0
0,13,11,5,0,15,27,4,13,0.0
0,13,11,5,0,15,27,4,13,0.0
0,14,7,6,1,15,32,1,14,0.0
0,14,8,6,1,15,32,1,14,0.0
0,9,8,6,1,15,27,4,9,0.0
0,13,9,6,1,15,27,4,13,0.0
0,13,10,6,1,15,15,2,13,0.0
0,13,12,6,1,15,27,4,13,0.0
0,13,14,6,1,15,15,2,13,0.0
0,13,15,6,1,15,27,4,13,0.0
0,13,15,6,1,15,27,4,13,0.0
0,13,15,6,1,15,27,4,13,0.0
0,14,17,6,1,15,32,1,14,8.0
0,13,20,6,1,15,26,5,13,0.0
0,13,22,6,1,15,27,4,13,0.0
0,13,22,6,1,15,27,4,13,0.0
0,13,22,6,1,15,27,4,13,0.0
0,13,4,7,2,15,27,4,13,0.0
0,13,4,7,2,15,27,4,13,0.0
0,13,8,7,2,15,27,4,13,0.0
0,13,9,7,2,15,27,4,13,0.0
0,13,10,7,2,15,27,4,13,0.0
0,13,12,7,2,15,27,4,13,0.0
0,15,13,7,2,15,32,4,15,0.0
0,14,13,7,2,15,32,1,14,0.0
0,14,14,7,2,15,32,1,14,15.0
0,13,16,7,2,15,27,4,13,0.0
0,12,8,8,3,15,9,5,12,0.0
0,13,11,8,3,15,27,4,13,0.0
0,13,12,8,3,15,27,4,13,0.0
0,13,12,8,3,15,27,4,13,0.0
0,13,14,8,3,15,27,4,13,3.0
0,13,14,8,3,15,27,4,13,3.0
0,13,14,8,3,15,27,4,13,3.0
0,4,15,8,3,15,15,2,4,0.0
0,13,16,8,3,15,15,2,13,0.0
0,13,17,8,3,15,27,4,13,0.0
0,13,17,8,3,15,27,4,13,0.0
0,13,17,8,3,15,27,4,13,0.0
0,13,18,8,3,15,15,2,13,0.0
0,13,18,8,3,15,15,2,13,0.0
0,13,18,8,3,15,27,4,13,0.0
0,13,2,9,4,15,27,4,13,0.0
0,13,2,9,4,15,27,4,13,0.0
0,13,5,9,4,15,27,4,13,0.0
0,14,8,9,4,15,32,1,14,0.0
0,13,9,9,4,15,27,4,13,0.0
0,13,11,9,4,15,27,4,13,0.0
0,13,12,9,4,15,27,4,13,0.0
0,13,13,9,4,15,27,4,13,0.0
0,13,13,9,4,15,27,4,13,0.0
0,13,17,9,4,15,27,4,13,0.0
0,13,17,9,4,15,27,4,13,0.0
0,13,17,9,4,15,27,4,13,0.0
0,13,17,9,4,15,27,4,13,0.0
0,13,9,10,5,15,27,4,13,0.0
0,13,9,10,5,15,15,2,13,0.0
0,8,9,10,5,15,15,2,8,0.0
0,13,9,10,5,15,27,4,13,0.0
0,13,9,10,5,15,27,4,13,0.0
0,13,9,10,5,15,15,2,13,0.0
0,13,10,10,5,15,15,2,13,0.0
0,13,11,10,5,15,27,4,13,0.0
0,13,12,10,5,15,27,4,13,0.0
0,13,12,10,5,15,27,4,13,0.0
0,13,12,10,5,15,27,4,13,0.0
0,13,16,10,5,15,27,4,13,0.0
0,13,17,10,5,15,25,5,13,0.0
0,13,17,10,5,15,27,4,13,0.0
0,13,17,10,5,15,27,4,13,0.0
0,13,18,10,5,15,27,4,13,5.0
0,13,18,10,5,15,27,4,13,5.0
0,13,18,10,5,15,16,4,13,5.0
0,13,18,10,5,15,27,4,13,5.0
0,13,18,10,5,15,27,4,13,5.0
0,13,10,11,6,15,27,4,13,4.0
0,13,10,11,6,15,27,4,13,4.0
0,13,10,11,6,15,27,4,13,4.0
0,13,11,11,6,15,27,4,13,0.0
0,13,11,11,6,15,27,4,13,0.0
0,13,12,11,6,15,27,4,13,0.0
0,13,13,11,6,15,27,4,13,0.0
0,13,14,11,6,15,27,4,13,0.0
0,13,14,11,6,15,27,4,13,0.0
0,13,16,11,6,15,27,4,13,0.0
0,13,16,11,6,15,26,5,13,0.0
0,13,18,11,6,15,26,5,13,0.0
0,13,19,11,6,15,27,4,13,0.0
0,13,22,11,6,15,27,4,13,0.0
0,14,8,12,0,15,32,1,14,3.0
0,13,13,12,0,15,26,5,13,0.0
0,13,15,12,0,15,27,4,13,0.0
0,13,21,12,0,15,27,4,13,0.0
0,13,3,13,1,15,26,5,13,0.0
0,14,6,13,1,15,32,1,14,0.0
0,13,9,13,1,15,27,4,13,0.0
0,3,10,13,1,15,15,2,3,0.0
0,13,10,13,1,15,27,4,13,0.0
0,13,10,13,1,15,26,5,13,0.0
0,13,10,13,1,15,26,5,13,0.0
0,13,13,13,1,15,27,4,13,0.0
0,13,13,13,1,15,15,2,13,3.0
0,13,14,13,1,15,27,4,13,0.0
0,13,14,13,1,15,15,2,13,0.0
0,13,15,13,1,15,25,5,13,0.0
0,13,16,13,1,15,25,5,13,0.0
0,13,16,13,1,15,25,5,13,0.0
0,15,16,13,1,15,32,4,15,0.0
0,13,19,13,1,15,25,5,13,8.0
0,14,21,13,1,15,32,1,14,20.0
0,13,22,13,1,15,26,5,13,0.0
0,13,22,13,1,15,27,4,13,0.0
0,13,23,13,1,15,26,5,13,0.0
0,13,9,14,2,15,26,5,13,0.0
0,13,11,14,2,15,27,4,13,0.0
0,13,13,14,2,15,27,4,13,0.0
0,13,13,14,2,15,27,4,13,0.0
0,13,14,14,2,15,27,4,13,0.0
0,13,16,14,2,15,27,4,13,0.0
0,13,16,14,2,15,27,4,13,0.0
0,13,16,14,2,15,27,4,13,0.0
0,13,0,15,3,15,27,4,13,0.0
0,13,0,15,3,15,27,4,13,0.0
0,13,8,15,3,15,27,4,13,0.0
0,13,8,15,3,15,27,4,13,0.0
0,13,10,15,3,15,27,4,13,4.0
0,13,10,15,3,15,27,4,13,4.0
0,13,10,15,3,15,27,4,13,4.0
0,13,11,15,3,15,25,5,13,18.0
0,13,11,15,3,15,15,2,13,0.0
0,13,11,15,3,15,27,4,13,0.0
0,13,14,15,3,15,27,4,13,0.0
0,14,17,15,3,15,32,1,14,13.0
0,13,17,15,3,15,25,5,13,0.0
0,13,17,15,3,15,25,5,13,0.0
0,13,17,15,3,15,27,4,13,0.0
0,13,17,15,3,15,27,4,13,0.0
0,13,8,16,4,15,9,5,13,0.0
0,13,8,16,4,15,27,4,13,0.0
0,14,10,16,4,15,32,1,14,0.0
0,13,10,16,4,15,22,2,13,0.0
0,13,11,16,4,15,22,2,13,0.0
0,13,11,16,4,15,22,2,13,0.0
0,13,11,16,4,15,25,5,13,23.0
0,13,11,16,4,15,22,2,13,0.0
0,13,11,16,4,15,25,5,13,23.0
0,13,12,16,4,15,27,4,13,0.0
0,13,12,16,4,15,27,4,13,0.0
0,13,13,16,4,15,27,4,13,0.0
0,13,13,16,4,15,27,4,13,0.0
0,13,13,16,4,15,22,2,13,0.0
0,13,13,16,4,15,22,2,13,0.0
0,13,13,16,4,15,22,2,13,0.0
0,13,13,16,4,15,22,2,13,0.0
0,13,13,16,4,15,22,2,13,0.0
0,13,15,16,4,15,15,2,13,6.0
0,13,15,16,4,15,22,2,13,0.0
0,13,15,16,4,15,22,2,13,6.0
0,13,15,16,4,15,27,4,13,0.0
0,13,15,16,4,15,22,2,13,6.0
0,13,15,16,4,15,22,2,13,6.0
0,13,16,16,4,15,27,4,13,3.0
0,13,16,16,4,15,22,2,13,0.0
0,13,16,16,4,15,22,2,13,0.0
0,13,16,16,4,15,22,2,13,0.0
0,13,16,16,4,15,27,4,13,0.0
0,13,16,16,4,15,27,4,13,3.0
0,13,17,16,4,15,22,2,13,0.0
0,13,17,16,4,15,22,2,13,0.0
0,13,17,16,4,15,27,4,13,0.0
0,13,19,16,4,15,22,2,13,0.0
0,13,19,16,4,15,22,2,13,0.0
0,13,20,16,4,15,22,2,13,0.0
0,13,20,16,4,15,22,2,13,0.0
0,25,21,16,4,15,32,1,25,24.0
0,13,21,16,4,15,27,4,13,0.0
0,13,21,16,4,15,27,4,13,0.0
0,13,22,16,4,15,26,5,13,0.0
0,13,22,16,4,15,27,4,13,0.0
0,13,2,17,5,15,26,5,13,0.0
0,13,8,17,5,15,27,4,13,0.0
0,13,8,17,5,15,27,4,13,0.0
0,13,8,17,5,15,27,4,13,0.0
0,13,8,17,5,15,27,4,13,0.0
0,13,9,17,5,15,27,4,13,0.0
0,13,9,17,5,15,27,4,13,0.0
0,13,9,17,5,15,9,5,13,0.0
0,13,9,17,5,15,27,4,13,0.0
0,13,11,17,5,15,27,4,13,4.0
0,13,11,17,5,15,27,4,13,0.0
0,13,11,17,5,15,27,4,13,4.0
0,13,11,17,5,15,27,4,13,0.0
0,13,11,17,5,15,27,4,13,4.0
0,13,11,17,5,15,27,4,13,4.0
0,13,12,17,5,15,27,4,13,0.0
0,13,12,17,5,15,27,4,13,0.0
0,13,12,17,5,15,27,4,13,0.0
0,13,13,17,5,15,27,4,13,0.0
0,13,14,17,5,15,26,5,13,0.0
0,13,19,17,5,15,22,2,13,0.0
0,13,19,17,5,15,27,4,13,0.0
0,13,19,17,5,15,26,5,13,0.0
0,13,19,17,5,15,22,2,13,0.0
0,13,19,17,5,15,22,2,13,0.0
0,13,19,17,5,15,22,2,13,0.0
0,13,20,17,5,15,22,2,13,24.0
0,13,20,17,5,15,22,2,13,24.0
0,13,20,17,5,15,22,2,13,24.0
0,13,20,17,5,15,22,2,13,24.0
0,13,22,17,5,15,22,2,13,0.0
0,13,22,17,5,15,22,2,13,0.0
0,13,23,17,5,15,22,2,13,0.0
0,13,23,17,5,15,27,4,13,0.0
0,14,5,18,6,15,32,1,14,0.0
0,13,7,18,6,15,9,5,13,0.0
0,13,9,18,6,15,27,4,13,0.0
0,13,9,18,6,15,27,4,13,0.0
0,14,11,18,6,15,32,1,14,0.0
0,14,11,18,6,15,32,1,14,0.0
0,13,12,18,6,15,22,2,13,0.0
0,13,13,18,6,15,22,2,13,0.0
0,13,13,18,6,15,22,2,13,0.0
0,6,13,18,6,15,22,2,6,0.0
0,13,14,18,6,15,26,5,13,0.0
0,13,14,18,6,15,26,5,13,0.0
0,13,15,18,6,15,22,2,13,0.0
0,13,15,18,6,15,22,2,13,0.0
0,13,15,18,6,15,22,2,13,0.0
0,13,15,18,6,15,22,2,13,0.0
0,13,15,18,6,15,22,2,13,0.0
0,13,15,18,6,15,22,2,13,0.0
0,13,15,18,6,15,27,4,13,0.0
0,13,15,18,6,15,26,5,13,0.0
0,12,15,18,6,15,22,2,12,0.0
0,13,16,18,6,15,22,2,13,0.0
0,13,16,18,6,15,22,2,13,0.0
0,13,16,18,6,15,22,2,13,0.0
0,13,17,18,6,15,22,2,13,0.0
0,13,17,18,6,15,22,2,13,0.0
0,13,18,18,6,15,22,2,13,0.0
0,13,18,18,6,15,22,2,13,0.0
0,13,19,18,6,15,22,2,13,0.0
0,13,19,18,6,15,22,2,13,0.0
0,13,19,18,6,15,22,2,13,0.0
0,9,20,18,6,15,22,2,9,0.0
0,13,21,18,6,15,22,2,13,0.0
0,13,1,19,0,15,27,4,13,5.0
0,13,2,19,0,15,27,4,13,0.0
0,13,7,19,0,15,27,4,13,0.0
0,13,9,19,0,15,26,5,13,0.0
0,14,11,19,0,15,32,1,14,0.0
0,13,19,19,0,15,27,4,13,0.0
0,15,21,19,0,15,32,4,15,0.0
0,13,22,19,0,15,26,5,13,0.0
0,13,22,19,0,15,27,4,13,0.0
0,13,23,19,0,15,25,5,13,0.0
0,13,3,20,1,15,26,5,13,0.0
0,13,3,20,1,15,26,5,13,0.0
0,13,7,20,1,15,9,5,13,0.0
0,13,7,20,1,15,27,4,13,0.0
0,13,8,20,1,15,22,2,13,0.0
0,13,9,20,1,15,22,2,13,0.0
0,13,9,20,1,15,22,2,13,0.0
0,13,10,20,1,15,22,2,13,0.0
0,14,10,20,1,15,32,1,14,0.0
0,13,10,20,1,15,22,2,13,0.0
0,13,10,20,1,15,27,4,13,5.0
0,13,10,20,1,15,22,2,13,0.0
0,13,11,20,1,15,27,4,13,0.0
0,13,11,20,1,15,27,4,13,0.0
0,13,12,20,1,15,27,4,13,3.0
0,13,13,20,1,15,22,2,13,0.0
0,13,15,20,1,15,27,4,13,0.0
0,13,16,20,1,15,27,4,13,0.0
0,13,17,20,1,15,27,4,13,0.0
0,13,18,20,1,15,22,2,13,0.0
0,13,18,20,1,15,22,2,13,0.0
0,13,18,20,1,15,27,4,13,0.0
0,13,21,20,1,15,26,5,13,0.0
0,13,8,21,2,15,27,4,13,0.0
0,13,8,21,2,15,27,4,13,0.0
0,13,9,21,2,15,27,4,13,0.0
0,13,9,21,2,15,22,2,13,0.0
0,13,10,21,2,15,22,2,13,0.0
0,13,11,21,2,15,22,2,13,0.0
0,13,11,21,2,15,22,2,13,0.0
0,13,11,21,2,15,22,2,13,0.0
0,13,11,21,2,15,22,2,13,0.0
0,13,11,21,2,15,27,4,13,0.0
0,13,11,21,2,15,22,2,13,0.0
0,13,11,21,2,15,27,4,13,0.0
0,13,12,21,2,15,22,2,13,3.0
0,13,12,21,2,15,22,2,13,3.0
0,13,13,21,2,15,27,4,13,0.0
0,13,13,21,2,15,27,4,13,0.0
0,13,14,21,2,15,22,2,13,0.0
0,13,14,21,2,15,22,2,13,0.0
0,13,15,21,2,15,22,2,13,0.0
0,13,15,21,2,15,22,2,13,0.0
0,13,16,21,2,15,27,4,13,0.0
0,13,16,21,2,15,27,4,13,0.0
0,13,17,21,2,15,22,2,13,0.0
0,13,17,21,2,15,27,4,13,0.0
0,13,19,21,2,15,27,4,13,0.0
0,14,19,21,2,15,32,1,14,0.0
0,13,19,21,2,15,22,2,13,0.0
0,13,9,22,3,15,27,4,13,0.0
1,10,9,22,3,15,22,2,10,0.0
0,13,10,22,3,15,27,4,13,0.0
0,13,10,22,3,15,22,2,13,0.0
0,13,10,22,3,15,22,2,13,0.0
0,13,10,22,3,15,22,2,13,0.0
0,13,10,22,3,15,22,2,13,0.0
0,13,10,22,3,15,26,5,13,0.0
0,13,10,22,3,15,27,4,13,0.0
0,13,10,22,3,15,22,2,13,0.0
0,13,11,22,3,15,22,2,13,0.0
0,13,11,22,3,15,22,2,13,9.0
0,13,11,22,3,15,22,2,13,0.0
0,13,11,22,3,15,22,2,13,9.0
0,13,11,22,3,15,22,2,13,0.0
0,13,11,22,3,15,22,2,13,9.0
0,13,11,22,3,15,22,2,13,9.0
0,13,11,22,3,15,22,2,13,9.0
0,13,11,22,3,15,22,2,13,9.0
0,13,11,22,3,15,22,2,13,9.0
0,13,11,22,3,15,22,2,13,9.0
0,13,12,22,3,15,27,4,13,0.0
0,14,12,22,3,15,32,1,14,0.0
0,13,13,22,3,15,15,2,13,0.0
0,13,13,22,3,15,22,2,13,0.0
0,13,13,22,3,15,22,2,13,0.0
0,13,13,22,3,15,15,2,13,0.0
0,13,16,22,3,15,26,5,13,0.0
0,13,16,22,3,15,27,4,13,0.0
0,13,18,22,3,15,22,2,13,0.0
0,14,22,22,3,15,32,1,14,0.0
0,13,23,22,3,15,27,4,13,9.0
0,13,23,22,3,15,27,4,13,0.0
0,13,23,22,3,15,27,4,13,9.0
0,13,23,22,3,15,27,4,13,9.0
0,13,23,22,3,15,27,4,13,9.0
0,13,23,22,3,15,27,4,13,9.0
0,13,23,22,3,15,27,4,13,9.0
0,13,23,22,3,15,27,4,13,9.0
0,13,23,22,3,15,27,4,13,9.0
0,13,8,23,4,15,27,4,13,0.0
0,14,8,23,4,15,32,1,14,0.0
0,14,9,23,4,15,32,1,14,0.0
0,13,9,23,4,15,27,4,13,0.0
0,13,10,23,4,15,15,2,13,0.0
0,13,10,23,4,15,27,4,13,0.0
0,13,10,23,4,15,22,2,13,0.0
0,13,10,23,4,15,22,2,13,0.0
0,13,10,23,4,15,22,2,13,0.0
0,13,11,23,4,15,27,4,13,0.0
0,13,11,23,4,15,27,4,13,0.0
0,13,11,23,4,15,9,5,13,0.0
0,13,11,23,4,15,15,2,13,0.0
0,13,11,23,4,15,27,4,13,0.0
0,13,12,23,4,15,27,4,13,0.0
0,13,13,23,4,15,27,4,13,0.0
0,13,13,23,4,15,27,4,13,0.0
0,13,13,23,4,15,9,5,13,0.0
0,13,13,23,4,15,27,4,13,0.0
0,13,14,23,4,15,15,2,13,0.0
0,13,14,23,4,15,9,5,13,0.0
0,13,15,23,4,15,9,5,13,3.0
0,13,15,23,4,15,15,2,13,0.0
0,13,16,23,4,15,15,2,13,0.0
0,13,16,23,4,15,27,4,13,0.0
0,13,17,23,4,15,15,2,13,0.0
0,13,17,23,4,15,27,4,13,0.0
0,13,18,23,4,15,22,2,13,0.0
0,13,0,24,5,15,22,2,13,0.0
0,13,2,24,5,15,27,4,13,0.0
0,13,2,24,5,15,27,4,13,0.0
0,13,3,24,5,15,27,4,13,0.0
0,13,9,24,5,15,27,4,13,0.0
0,13,9,24,5,15,27,4,13,0.0
0,13,9,24,5,15,27,4,13,0.0
0,13,9,24,5,15,9,5,13,0.0
0,13,9,24,5,15,15,2,13,0.0
0,14,10,24,5,15,32,1,14,0.0
0,13,11,24,5,15,27,4,13,0.0
0,13,11,24,5,15,15,2,13,0.0
0,13,11,24,5,15,27,4,13,0.0
0,13,11,24,5,15,27,4,13,0.0
0,13,11,24,5,15,15,2,13,0.0
0,13,12,24,5,15,27,4,13,0.0
0,13,12,24,5,15,27,4,13,0.0
0,13,12,24,5,15,15,2,13,0.0
0,13,12,24,5,15,15,2,13,0.0
0,13,13,24,5,15,15,2,13,0.0
0,13,13,24,5,15,27,4,13,0.0
0,13,14,24,5,15,27,4,13,0.0
0,13,14,24,5,15,15,2,13,0.0
0,13,14,24,5,15,22,2,13,0.0
0,13,14,24,5,15,15,2,13,0.0
0,13,14,24,5,15,15,2,13,0.0
0,13,15,24,5,15,9,5,13,0.0
0,13,15,24,5,15,22,2,13,0.0
0,13,15,24,5,15,15,2,13,0.0
0,13,15,24,5,15,15,2,13,0.0
0,13,15,24,5,15,15,2,13,0.0
0,13,15,24,5,15,9,5,13,0.0
0,13,17,24,5,15,27,4,13,0.0
0,13,17,24,5,15,22,2,13,0.0
0,13,17,24,5,15,27,4,13,0.0
0,13,19,24,5,15,27,4,13,0.0
0,15,21,24,5,15,32,4,15,0.0
0,13,23,24,5,15,27,4,13,0.0
0,13,3,25,6,15,22,2,13,0.0
0,13,3,25,6,15,27,4,13,0.0
0,13,12,25,6,15,15,2,13,0.0
0,13,12,25,6,15,15,2,13,0.0
0,13,13,25,6,15,27,4,13,0.0
0,13,14,25,6,15,26,5,13,0.0
0,13,14,25,6,15,26,5,13,0.0
0,13,16,25,6,15,22,2,13,0.0
0,13,4,26,0,15,26,5,13,0.0
0,13,5,26,0,15,27,4,13,0.0
0,13,5,26,0,15,27,4,13,0.0
0,13,9,26,0,15,9,5,13,0.0
0,15,16,26,0,15,32,4,15,0.0
0,13,9,27,1,15,27,4,13,0.0
0,13,10,27,1,15,22,2,13,0.0
0,13,10,27,1,15,27,4,13,0.0
0,13,12,27,1,15,27,4,13,7.0
0,13,12,27,1,15,27,4,13,7.0
0,13,12,27,1,15,27,4,13,7.0
0,13,12,27,1,15,27,4,13,0.0
0,13,12,27,1,15,27,4,13,0.0
0,13,12,27,1,15,27,4,13,7.0
0,13,12,27,1,15,27,4,13,7.0
0,13,12,27,1,15,27,4,13,7.0
0,13,12,27,1,15,27,4,13,0.0
0,13,13,27,1,15,27,4,13,0.0
0,13,13,27,1,15,27,4,13,0.0
0,13,13,27,1,15,27,4,13,0.0
0,13,14,27,1,15,27,4,13,0.0
0,14,15,27,1,15,32,1,14,0.0
0,13,16,27,1,15,27,4,13,0.0
0,13,16,27,1,15,27,4,13,0.0
0,13,3,28,2,15,26,5,13,0.0
0,14,4,28,2,15,32,1,14,0.0
0,13,8,28,2,15,9,5,13,0.0
0,13,9,28,2,15,27,4,13,0.0
0,14,11,28,2,15,32,1,14,0.0
0,14,12,28,2,15,32,1,14,0.0
0,13,13,28,2,15,22,2,13,0.0
0,13,14,28,2,15,26,5,13,0.0
0,13,19,28,2,15,27,4,13,0.0
0,13,19,28,2,15,27,4,13,0.0
0,13,19,28,2,15,27,4,13,0.0
0,13,20,28,2,15,27,4,13,0.0
0,14,7,29,3,15,32,1,14,0.0
0,14,7,29,3,15,32,1,14,0.0
0,13,8,29,3,15,27,4,13,0.0
0,13,9,29,3,15,9,5,13,0.0
0,13,13,29,3,15,27,4,13,0.0
0,13,13,29,3,15,27,4,13,0.0
0,13,15,29,3,15,27,4,13,0.0
0,13,15,29,3,15,27,4,13,0.0
0,13,16,29,3,15,27,4,13,0.0
0,15,16,29,3,15,32,4,15,0.0
0,13,1,30,4,15,9,5,13,0.0
0,14,7,30,4,15,32,1,14,0.0
0,4,7,30,4,15,9,5,4,0.0
0,13,8,30,4,15,27,4,13,0.0
0,13,8,30,4,15,27,4,13,0.0
0,13,9,30,4,15,27,4,13,0.0
0,13,9,30,4,15,22,2,13,0.0
0,14,10,30,4,15,32,1,14,0.0
0,13,11,30,4,15,27,4,13,0.0
0,13,11,30,4,15,27,4,13,0.0
0,13,11,30,4,15,27,4,13,0.0
0,13,13,30,4,15,26,5,13,0.0
0,13,13,30,4,15,15,2,13,0.0
0,13,14,30,4,15,27,4,13,0.0
0,13,18,30,4,15,27,4,13,0.0
0,13,20,30,4,15,26,5,13,0.0
0,13,22,30,4,15,22,2,13,0.0
0,14,1,31,5,15,32,1,14,0.0
0,5,8,31,5,15,9,5,5,0.0
0,13,8,31,5,15,27,4,13,0.0
0,13,10,31,5,15,22,2,13,0.0
0,14,10,31,5,15,32,1,14,0.0
0,14,10,31,5,15,32,1,14,0.0
0,13,11,31,5,15,26,5,13,0.0
0,13,12,31,5,15,27,4,13,0.0
0,14,12,31,5,15,32,1,14,11.0
0,14,13,31,5,15,32,1,14,0.0
0,13,13,31,5,15,22,2,13,0.0
0,13,13,31,5,15,22,2,13,0.0
0,14,13,31,5,15,32,1,14,0.0
0,14,14,31,5,15,32,1,14,11.0
0,13,14,31,5,15,22,2,13,0.0
0,13,16,31,5,15,27,4,13,0.0
0,13,16,31,5,15,27,4,13,0.0
0,13,16,31,5,15,27,4,13,0.0
0,13,16,31,5,15,27,4,13,0.0
0,13,16,31,5,15,27,4,13,0.0
0,13,17,31,5,15,27,4,13,0.0
0,13,17,31,5,15,27,4,13,0.0
0,13,17,31,5,15,22,2,13,0.0
0,13,17,31,5,15,22,2,13,0.0
0,13,17,31,5,15,27,4,13,0.0
0,13,17,31,5,15,26,5,13,0.0
0,13,17,31,5,15,27,4,13,5.0
0,13,17,31,5,15,27,4,13,5.0
0,13,17,31,5,15,27,4,13,5.0
0,13,17,31,5,15,27,4,13,5.0
0,13,17,31,5,15,27,4,13,5.0
0,13,18,31,5,15,27,4,13,20.0
0,13,18,31,5,15,27,4,13,20.0
0,13,18,31,5,15,27,4,13,20.0
0,13,18,31,5,15,27,4,13,20.0
0,13,18,31,5,15,27,4,13,20.0
0,13,18,31,5,15,27,4,13,20.0
0,13,18,31,5,15,27,4,13,20.0
0,13,18,31,5,15,27,4,13,20.0
0,13,18,31,5,15,27,4,13,20.0
0,13,18,31,5,15,27,4,13,20.0
0,13,18,31,5,15,27,4,13,20.0
0,13,18,31,5,15,27,4,13,20.0
0,13,18,31,5,15,27,4,13,20.0
0,13,18,31,5,15,27,4,13,20.0
0,13,18,31,5,15,27,4,13,20.0
0,13,18,31,5,15,27,4,13,20.0
0,13,18,31,5,15,27,4,13,20.0
0,13,18,31,5,15,27,4,13,20.0
0,13,18,31,5,15,27,4,13,20.0
0,13,18,31,5,15,27,4,13,20.0
0,14,22,31,5,15,32,1,14,11.0
0,14,22,31,5,15,32,1,14,11.0
0,13,5,1,6,15,27,4,13,0.0
0,13,5,1,6,15,27,4,13,0.0
0,13,7,1,6,15,27,4,13,0.0
0,13,7,1,6,15,27,4,13,0.0
0,13,8,1,6,15,27,4,13,0.0
0,13,8,1,6,15,27,4,13,0.0
0,13,8,1,6,15,27,4,13,0.0
0,14,8,1,6,15,32,1,14,0.0
0,13,9,1,6,15,27,4,13,0.0
0,13,9,1,6,15,27,4,13,0.0
0,13,9,1,6,15,27,4,13,0.0
0,14,9,1,6,15,32,1,14,0.0
0,13,11,1,6,15,27,4,13,0.0
0,13,11,1,6,15,27,4,13,0.0
0,13,11,1,6,15,27,4,13,0.0
0,13,12,1,6,15,27,4,13,0.0
0,13,12,1,6,15,27,4,13,0.0
0,3,13,1,6,15,22,2,3,0.0
0,13,13,1,6,15,27,4,13,0.0
0,13,13,1,6,15,27,4,13,0.0
0,13,16,1,6,15,27,4,13,0.0
0,13,22,1,6,15,27,4,13,0.0
0,13,0,2,0,15,27,4,13,0.0
0,14,2,2,0,15,32,1,14,0.0
0,13,3,2,0,15,26,5,13,0.0
0,13,6,2,0,15,27,4,13,0.0
0,13,6,2,0,15,27,4,13,0.0
0,13,6,2,0,15,27,4,13,5.0
0,13,6,2,0,15,27,4,13,5.0
0,13,6,2,0,15,27,4,13,5.0
0,13,6,2,0,15,27,4,13,5.0
0,13,6,2,0,15,27,4,13,5.0
0,13,6,2,0,15,27,4,13,0.0
0,13,7,2,0,15,27,4,13,0.0
0,13,10,2,0,15,27,4,13,0.0
0,13,17,2,0,15,27,4,13,0.0
0,13,19,2,0,15,27,4,13,0.0
0,13,22,2,0,15,27,4,13,0.0
0,13,22,2,0,15,27,4,13,0.0
0,14,0,3,1,15,32,1,14,0.0
0,13,3,3,1,15,26,5,13,3.0
0,14,7,3,1,15,32,1,14,0.0
0,6,8,3,1,15,9,5,6,0.0
0,13,9,3,1,15,27,4,13,0.0
0,13,9,3,1,15,27,4,13,0.0
0,13,9,3,1,15,26,5,13,0.0
0,13,9,3,1,15,27,4,13,0.0
0,13,9,3,1,15,15,2,13,0.0
0,13,10,3,1,15,27,4,13,0.0
0,13,10,3,1,15,22,2,13,0.0
0,13,10,3,1,15,22,2,13,0.0
0,13,10,3,1,15,27,4,13,0.0
0,13,11,3,1,15,27,4,13,0.0
0,13,11,3,1,15,27,4,13,0.0
0,13,12,3,1,15,27,4,13,4.0
0,13,12,3,1,15,27,4,13,4.0
0,13,12,3,1,15,27,4,13,0.0
0,13,12,3,1,15,27,4,13,0.0
0,13,12,3,1,15,27,4,13,4.0
0,13,12,3,1,15,27,4,13,0.0
0,13,12,3,1,15,27,4,13,4.0
0,13,12,3,1,15,27,4,13,0.0
0,13,12,3,1,15,22,2,13,0.0
0,13,12,3,1,15,27,4,13,0.0
0,13,12,3,1,15,22,2,13,0.0
0,13,13,3,1,15,27,4,13,0.0
0,13,13,3,1,15,22,2,13,0.0
0,13,13,3,1,15,22,2,13,0.0
0,13,13,3,1,15,27,4,13,0.0
0,13,14,3,1,15,27,4,13,0.0
0,13,14,3,1,15,27,4,13,0.0
0,13,14,3,1,15,27,4,13,0.0
0,13,15,3,1,15,27,4,13,0.0
0,13,15,3,1,15,25,5,13,0.0
0,13,16,3,1,15,25,5,13,0.0
0,13,16,3,1,15,27,4,13,3.0
0,13,16,3,1,15,27,4,13,0.0
0,13,16,3,1,15,27,4,13,3.0
0,13,16,3,1,15,27,4,13,3.0
0,13,17,3,1,15,27,4,13,0.0
0,13,17,3,1,15,27,4,13,0.0
0,5,7,4,2,15,9,5,5,0.0
0,13,8,4,2,15,25,5,13,10.0
0,13,8,4,2,15,25,5,13,10.0
0,13,8,4,2,15,25,5,13,10.0
0,13,8,4,2,15,27,4,13,0.0
0,13,8,4,2,15,27,4,13,0.0
0,13,8,4,2,15,27,4,13,0.0
0,13,10,4,2,15,27,4,13,0.0
0,13,10,4,2,15,16,4,13,0.0
0,13,11,4,2,15,27,4,13,0.0
0,13,11,4,2,15,27,4,13,0.0
0,13,11,4,2,15,27,4,13,0.0
0,13,12,4,2,15,27,4,13,0.0
0,13,12,4,2,15,27,4,13,0.0
0,13,12,4,2,15,27,4,13,0.0
0,13,12,4,2,15,27,4,13,0.0
0,13,12,4,2,15,27,4,13,0.0
0,13,12,4,2,15,27,4,13,0.0
0,13,12,4,2,15,27,4,13,0.0
0,13,13,4,2,15,27,4,13,6.0
0,13,13,4,2,15,27,4,13,6.0
0,13,13,4,2,15,27,4,13,6.0
0,13,13,4,2,15,27,4,13,6.0
0,13,13,4,2,15,27,4,13,0.0
0,13,13,4,2,15,27,4,13,6.0
0,13,13,4,2,15,27,4,13,0.0
0,13,13,4,2,15,27,4,13,6.0
0,13,14,4,2,15,27,4,13,0.0
0,13,14,4,2,15,27,4,13,3.0
0,13,14,4,2,15,27,4,13,3.0
0,13,14,4,2,15,27,4,13,3.0
0,13,15,4,2,15,27,4,13,6.0
0,13,15,4,2,15,27,4,13,6.0
0,13,15,4,2,15,27,4,13,6.0
0,13,15,4,2,15,27,4,13,6.0
0,13,15,4,2,15,27,4,13,6.0
0,13,15,4,2,15,27,4,13,6.0
0,13,18,4,2,15,27,4,13,0.0
0,14,22,4,2,15,32,1,14,0.0
0,13,22,4,2,15,27,4,13,0.0
0,13,22,4,2,15,27,4,13,0.0
0,13,22,4,2,15,27,4,13,0.0
0,13,22,4,2,15,27,4,13,0.0
0,13,22,4,2,15,27,4,13,0.0
0,13,22,4,2,15,22,2,13,0.0
0,13,23,4,2,15,22,2,13,0.0
0,13,23,4,2,15,22,2,13,0.0
0,13,23,4,2,15,27,4,13,0.0
0,13,23,4,2,15,22,2,13,0.0
0,13,23,4,2,15,27,4,13,0.0
0,13,23,4,2,15,22,2,13,0.0
0,13,23,4,2,15,22,2,13,0.0
0,13,23,4,2,15,22,2,13,0.0
0,13,23,4,2,15,22,2,13,0.0
0,13,23,4,2,15,22,2,13,0.0
0,13,23,4,2,15,22,2,13,0.0
0,13,23,4,2,15,22,2,13,0.0
0,13,23,4,2,15,22,2,13,0.0
0,13,23,4,2,15,22,2,13,0.0
0,13,23,4,2,15,22,2,13,0.0
0,13,23,4,2,15,22,2,13,0.0
0,13,23,4,2,15,22,2,13,0.0
0,13,23,4,2,15,22,2,13,0.0
0,13,23,4,2,15,22,2,13,0.0
0,13,23,4,2,15,22,2,13,0.0
0,13,23,4,2,15,22,2,13,0.0
0,13,23,4,2,15,22,2,13,0.0
0,12,23,4,2,15,22,2,12,0.0
0,14,3,5,3,15,32,1,14,0.0
0,13,9,5,3,15,26,5,13,0.0
0,13,10,5,3,15,25,5,13,29.0
0,15,10,5,3,15,32,4,15,0.0
0,14,10,5,3,15,32,1,14,0.0
0,13,10,5,3,15,27,4,13,0.0
0,13,10,5,3,15,27,4,13,0.0
0,13,10,5,3,15,27,4,13,0.0
0,13,10,5,3,15,27,4,13,0.0
0,13,10,5,3,15,27,4,13,0.0
0,13,10,5,3,15,26,5,13,0.0
0,13,10,5,3,15,27,4,13,0.0
0,13,11,5,3,15,27,4,13,0.0
0,13,11,5,3,15,27,4,13,0.0
0,5,11,5,3,15,9,5,5,0.0
0,13,12,5,3,15,27,4,13,0.0
0,13,12,5,3,15,27,4,13,0.0
0,13,12,5,3,15,27,4,13,0.0
0,13,12,5,3,15,27,4,13,0.0
0,13,12,5,3,15,22,2,13,0.0
0,13,13,5,3,15,22,2,13,0.0
0,13,13,5,3,15,27,4,13,0.0
0,13,15,5,3,15,27,4,13,0.0
0,13,17,5,3,15,22,2,13,0.0
0,13,17,5,3,15,22,2,13,0.0
0,13,17,5,3,15,22,2,13,0.0
0,13,17,5,3,15,22,2,13,0.0
0,13,17,5,3,15,22,2,13,0.0
0,13,17,5,3,15,22,2,13,0.0
0,13,17,5,3,15,22,2,13,0.0
0,13,17,5,3,15,22,2,13,0.0
0,13,17,5,3,15,22,2,13,0.0
0,13,17,5,3,15,22,2,13,0.0
0,13,17,5,3,15,22,2,13,0.0
0,13,17,5,3,15,22,2,13,0.0
0,13,17,5,3,15,22,2,13,0.0
0,13,17,5,3,15,22,2,13,0.0
0,13,17,5,3,15,22,2,13,0.0
0,13,17,5,3,15,22,2,13,0.0
0,13,17,5,3,15,22,2,13,0.0
0,13,17,5,3,15,22,2,13,0.0
0,13,17,5,3,15,22,2,13,0.0
0,13,17,5,3,15,22,2,13,0.0
0,13,17,5,3,15,22,2,13,0.0
0,16,17,5,3,15,22,2,16,0.0
0,13,17,5,3,15,22,2,13,0.0
0,16,17,5,3,15,22,2,16,0.0
0,13,17,5,3,15,22,2,13,0.0
0,3,17,5,3,15,22,2,3,0.0
0,13,18,5,3,15,27,4,13,0.0
0,13,18,5,3,15,27,4,13,0.0
0,13,19,5,3,15,22,2,13,0.0
0,13,21,5,3,15,27,4,13,3.0
0,13,21,5,3,15,27,4,13,3.0
0,13,21,5,3,15,27,4,13,3.0
0,13,22,5,3,15,27,4,13,0.0
0,13,22,5,3,15,27,4,13,0.0
0,13,22,5,3,15,27,4,13,0.0
0,13,22,5,3,15,27,4,13,0.0
0,13,23,5,3,15,27,4,13,13.0
0,13,23,5,3,15,27,4,13,13.0
0,13,23,5,3,15,27,4,13,10.0
0,13,23,5,3,15,27,4,13,13.0
0,13,23,5,3,15,27,4,13,10.0
0,13,23,5,3,15,27,4,13,13.0
0,13,23,5,3,15,27,4,13,10.0
0,13,23,5,3,15,27,4,13,13.0
0,13,23,5,3,15,27,4,13,10.0
0,13,23,5,3,15,27,4,13,10.0
0,13,23,5,3,15,27,4,13,13.0
0,13,23,5,3,15,27,4,13,10.0
0,13,23,5,3,15,27,4,13,13.0
0,13,23,5,3,15,27,4,13,10.0
0,13,23,5,3,15,27,4,13,13.0
0,13,23,5,3,15,27,4,13,10.0
0,13,23,5,3,15,27,4,13,13.0
0,13,23,5,3,15,27,4,13,13.0
0,13,23,5,3,15,27,4,13,10.0
0,13,23,5,3,15,27,4,13,13.0
0,13,23,5,3,15,27,4,13,13.0
0,13,23,5,3,15,27,4,13,13.0
0,13,1,6,4,15,26,5,13,0.0
0,13,8,6,4,15,27,4,13,0.0
0,13,8,6,4,15,22,2,13,0.0
0,14,8,6,4,15,32,1,14,6.0
0,14,9,6,4,15,32,1,14,7.0
0,13,9,6,4,15,27,4,13,0.0
0,13,10,6,4,15,27,4,13,0.0
0,13,10,6,4,15,22,2,13,0.0
0,13,10,6,4,15,22,2,13,0.0
0,13,10,6,4,15,22,2,13,0.0
0,13,10,6,4,15,22,2,13,0.0
0,13,10,6,4,15,22,2,13,0.0
0,13,10,6,4,15,22,2,13,0.0
0,13,13,6,4,15,27,4,13,0.0
0,13,13,6,4,15,15,2,13,0.0
0,14,13,6,4,15,32,1,14,22.0
0,13,14,6,4,15,15,2,13,0.0
0,13,14,6,4,15,26,5,13,0.0
0,13,14,6,4,15,27,4,13,0.0
0,13,15,6,4,15,26,5,13,0.0
0,13,15,6,4,15,27,4,13,0.0
0,13,16,6,4,15,27,4,13,0.0
0,13,16,6,4,15,27,4,13,0.0
0,13,16,6,4,15,27,4,13,0.0
0,13,17,6,4,15,27,4,13,0.0
0,13,17,6,4,15,27,4,13,0.0
0,13,18,6,4,15,27,4,13,0.0
0,13,18,6,4,15,27,4,13,0.0
0,14,7,7,5,15,32,1,14,8.0
0,13,8,7,5,15,27,4,13,0.0
0,13,8,7,5,15,27,4,13,0.0
0,14,9,7,5,15,32,1,14,0.0
0,13,9,7,5,15,27,4,13,0.0
0,13,10,7,5,15,27,4,13,0.0
0,13,11,7,5,15,15,2,13,0.0
0,13,11,7,5,15,15,2,13,0.0
0,13,11,7,5,15,27,4,13,4.0
0,13,11,7,5,15,27,4,13,4.0
0,13,11,7,5,15,15,2,13,0.0
0,13,11,7,5,15,15,2,13,0.0
0,13,11,7,5,15,27,4,13,4.0
0,13,11,7,5,15,27,4,13,4.0
0,13,12,7,5,15,27,4,13,8.0
0,13,12,7,5,15,27,4,13,8.0
0,13,12,7,5,15,27,4,13,0.0
0,13,12,7,5,15,27,4,13,8.0
0,13,12,7,5,15,27,4,13,8.0
0,13,12,7,5,15,15,2,13,0.0
0,13,12,7,5,15,27,4,13,8.0
0,13,12,7,5,15,27,4,13,8.0
0,13,12,7,5,15,27,4,13,8.0
0,13,12,7,5,15,27,4,13,8.0
0,13,13,7,5,15,15,2,13,0.0
0,13,13,7,5,15,15,2,13,0.0
0,13,13,7,5,15,15,2,13,0.0
1,2,13,7,5,15,17,5,2,0.0
0,13,14,7,5,15,9,5,13,3.0
0,13,14,7,5,15,27,4,13,0.0
1,2,14,7,5,15,17,5,2,0.0
0,13,14,7,5,15,27,4,13,0.0
0,13,14,7,5,15,26,5,13,0.0
0,13,15,7,5,15,25,5,13,0.0
0,13,15,7,5,15,25,5,13,0.0
0,13,16,7,5,15,27,4,13,0.0
0,13,17,7,5,15,25,5,13,0.0
0,13,17,7,5,15,16,4,13,0.0
0,13,17,7,5,15,27,4,13,0.0
0,6,20,7,5,15,22,2,6,0.0
0,13,20,7,5,15,22,2,13,0.0
0,13,20,7,5,15,22,2,13,0.0
0,13,21,7,5,15,22,2,13,0.0
0,13,21,7,5,15,22,2,13,0.0
0,13,21,7,5,15,22,2,13,0.0
0,13,22,7,5,15,22,2,13,0.0
0,13,8,8,6,15,27,4,13,0.0
0,14,12,8,6,15,32,1,14,0.0
0,13,14,8,6,15,27,4,13,0.0
0,13,16,8,6,15,22,2,13,0.0
0,13,0,9,0,15,26,5,13,0.0
0,13,2,9,0,15,26,5,13,0.0
0,13,6,9,0,15,26,5,13,0.0
0,13,7,9,0,15,26,5,13,0.0
0,13,9,9,0,15,27,4,13,0.0
0,14,11,9,0,15,32,1,14,0.0
0,13,12,9,0,15,27,4,13,0.0
0,13,16,9,0,15,27,4,13,0.0
0,13,4,10,1,15,27,4,13,0.0
0,14,6,10,1,15,32,1,14,0.0
0,13,8,10,1,15,27,4,13,0.0
0,13,8,10,1,15,27,4,13,0.0
0,13,8,10,1,15,27,4,13,0.0
0,13,9,10,1,15,27,4,13,0.0
0,13,9,10,1,15,27,4,13,0.0
0,13,9,10,1,15,27,4,13,0.0
0,13,11,10,1,15,27,4,13,3.0
0,13,11,10,1,15,27,4,13,3.0
0,13,11,10,1,15,27,4,13,3.0
0,13,12,10,1,15,27,4,13,0.0
0,13,12,10,1,15,27,4,13,0.0
0,13,13,10,1,15,16,5,13,0.0
0,13,13,10,1,15,26,5,13,0.0
0,13,14,10,1,15,26,5,13,0.0
0,13,14,10,1,15,27,4,13,0.0
0,13,14,10,1,15,26,5,13,0.0
0,13,14,10,1,15,27,4,13,0.0
0,14,15,10,1,15,32,1,14,4.0
0,13,15,10,1,15,27,4,13,3.0
0,13,15,10,1,15,27,4,13,3.0
0,13,15,10,1,15,27,4,13,3.0
0,13,16,10,1,15,27,4,13,0.0
0,13,22,10,1,15,27,4,13,0.0
0,13,22,10,1,15,27,4,13,3.0
0,13,22,10,1,15,27,4,13,3.0
0,13,22,10,1,15,27,4,13,3.0
0,13,22,10,1,15,27,4,13,0.0
0,13,23,10,1,15,27,4,13,0.0
0,13,23,10,1,15,27,4,13,3.0
0,13,23,10,1,15,27,4,13,3.0
0,13,23,10,1,15,27,4,13,3.0
0,5,7,11,2,15,9,5,5,0.0
0,13,8,11,2,15,27,4,13,0.0
0,13,8,11,2,15,27,4,13,0.0
0,13,8,11,2,15,27,4,13,0.0
0,13,9,11,2,15,27,4,13,0.0
0,13,9,11,2,15,27,4,13,0.0
0,13,9,11,2,15,27,4,13,0.0
0,13,9,11,2,15,27,4,13,0.0
0,13,10,11,2,15,15,2,13,0.0
0,13,10,11,2,15,15,2,13,0.0
0,13,10,11,2,15,26,5,13,0.0
0,13,10,11,2,15,27,4,13,0.0
0,13,13,11,2,15,27,4,13,0.0
0,13,13,11,2,15,27,4,13,0.0
0,13,14,11,2,15,27,4,13,3.0
0,13,14,11,2,15,27,4,13,0.0
0,13,14,11,2,15,27,4,13,0.0
0,13,14,11,2,15,27,4,13,3.0
0,13,14,11,2,15,27,4,13,3.0
0,13,14,11,2,15,25,5,13,0.0
0,13,15,11,2,15,15,2,13,0.0
0,13,15,11,2,15,27,4,13,0.0
0,13,16,11,2,15,27,4,13,0.0
0,13,16,11,2,15,26,5,13,0.0
0,13,19,11,2,15,22,2,13,0.0
0,13,20,11,2,15,27,4,13,0.0
0,13,7,12,3,15,27,4,13,0.0
0,13,8,12,3,15,27,4,13,0.0
0,14,9,12,3,15,32,1,14,18.0
0,13,9,12,3,15,27,4,13,0.0
0,4,9,12,3,15,9,5,4,0.0
0,13,10,12,3,15,27,4,13,0.0
0,13,11,12,3,15,27,4,13,0.0
0,13,11,12,3,15,27,4,13,0.0
0,13,11,12,3,15,27,4,13,0.0
0,13,11,12,3,15,27,4,13,0.0
0,13,11,12,3,15,27,4,13,0.0
0,13,11,12,3,15,27,4,13,0.0
0,13,12,12,3,15,27,4,13,0.0
0,13,12,12,3,15,27,4,13,0.0
0,13,12,12,3,15,27,4,13,0.0
0,14,13,12,3,15,32,1,14,18.0
0,13,13,12,3,15,26,5,13,0.0
0,13,14,12,3,15,26,5,13,0.0
0,13,15,12,3,15,26,5,13,0.0
0,13,16,12,3,15,27,4,13,0.0
0,13,16,12,3,15,27,4,13,0.0
0,13,16,12,3,15,27,4,13,0.0
0,13,18,12,3,15,27,4,13,0.0
0,13,22,12,3,15,22,2,13,0.0
0,13,0,13,4,15,27,4,13,0.0
0,14,9,13,4,15,32,1,14,0.0
0,13,10,13,4,15,26,5,13,0.0
0,13,10,13,4,15,27,4,13,0.0
0,14,11,13,4,15,32,1,14,3.0
0,13,12,13,4,15,27,4,13,0.0
0,13,12,13,4,15,27,4,13,0.0
0,14,13,13,4,15,32,1,14,19.0
0,13,14,13,4,15,25,5,13,0.0
0,14,14,13,4,15,32,1,14,7.0
0,14,14,13,4,15,32,1,14,7.0
0,14,15,13,4,15,32,1,14,0.0
0,13,15,13,4,15,27,4,13,0.0
0,13,16,13,4,15,25,5,13,0.0
0,13,16,13,4,15,26,5,13,0.0
0,13,16,13,4,15,27,4,13,0.0
0,13,17,13,4,15,27,4,13,0.0
0,13,17,13,4,15,27,4,13,0.0
0,13,22,13,4,15,27,4,13,0.0
0,14,0,14,5,15,32,1,14,0.0
0,13,9,14,5,15,27,4,13,0.0
0,13,9,14,5,15,27,4,13,0.0
0,13,10,14,5,15,26,5,13,0.0
0,13,10,14,5,15,27,4,13,0.0
0,13,11,14,5,15,27,4,13,0.0
0,13,11,14,5,15,27,4,13,0.0
0,13,11,14,5,15,25,5,13,0.0
0,13,12,14,5,15,27,4,13,3.0
0,13,12,14,5,15,27,4,13,3.0
0,13,12,14,5,15,27,4,13,3.0
0,13,12,14,5,15,27,4,13,3.0
0,13,12,14,5,15,25,5,13,0.0
0,13,14,14,5,15,27,4,13,0.0
0,13,14,14,5,15,26,5,13,0.0
0,13,16,14,5,15,27,4,13,0.0
0,13,1,15,6,15,26,5,13,0.0
0,13,1,15,6,15,26,5,13,0.0
0,13,1,15,6,15,26,5,13,0.0
0,14,6,15,6,15,32,1,14,0.0
0,13,7,15,6,15,9,5,13,0.0
0,13,8,15,6,15,26,5,13,0.0
0,13,10,15,6,15,27,4,13,0.0
0,14,11,15,6,15,32,1,14,0.0
0,13,22,15,6,15,26,5,13,0.0
0,13,23,15,6,15,27,4,13,0.0
0,13,23,15,6,15,27,4,13,0.0
0,13,23,15,6,15,27,4,13,0.0
0,13,4,16,0,15,26,5,13,0.0
0,13,8,16,0,15,27,4,13,0.0
0,13,8,16,0,15,27,4,13,0.0
0,13,9,16,0,15,27,4,13,0.0
0,13,9,16,0,15,27,4,13,0.0
0,14,10,16,0,15,32,1,14,0.0
0,13,12,16,0,15,27,4,13,0.0
0,13,13,16,0,15,27,4,13,0.0
0,13,14,16,0,15,27,4,13,0.0
0,13,17,16,0,15,27,4,13,0.0
0,13,3,17,1,15,15,2,13,0.0
0,13,8,17,1,15,27,4,13,0.0
0,13,9,17,1,15,27,4,13,0.0
0,13,10,17,1,15,27,4,13,0.0
0,13,10,17,1,15,27,4,13,5.0
0,13,10,17,1,15,27,4,13,5.0
0,13,10,17,1,15,27,4,13,5.0
0,13,10,17,1,15,27,4,13,5.0
0,13,10,17,1,15,27,4,13,5.0
0,13,10,17,1,15,27,4,13,0.0
0,13,11,17,1,15,27,4,13,3.0
0,13,11,17,1,15,27,4,13,3.0
0,13,11,17,1,15,27,4,13,0.0
0,13,11,17,1,15,27,4,13,3.0
0,13,12,17,1,15,27,4,13,0.0
0,13,12,17,1,15,27,4,13,0.0
0,13,12,17,1,15,27,4,13,0.0
0,5,13,17,1,15,9,5,5,0.0
0,13,13,17,1,15,27,4,13,0.0
0,13,15,17,1,15,27,4,13,0.0
0,13,15,17,1,15,27,4,13,0.0
0,13,17,17,1,15,27,4,13,0.0
0,13,17,17,1,15,27,4,13,0.0
0,13,17,17,1,15,27,4,13,0.0
0,13,17,17,1,15,27,4,13,0.0
0,13,17,17,1,15,27,4,13,0.0
0,13,17,17,1,15,27,4,13,0.0
0,13,18,17,1,15,27,4,13,0.0
0,14,6,18,2,15,32,1,14,0.0
0,13,8,18,2,15,15,2,13,0.0
0,13,8,18,2,15,27,4,13,0.0
0,13,8,18,2,15,27,4,13,0.0
0,13,9,18,2,15,26,5,13,0.0
0,13,9,18,2,15,27,4,13,0.0
0,13,9,18,2,15,27,4,13,0.0
0,13,9,18,2,15,15,2,13,0.0
0,13,10,18,2,15,27,4,13,0.0
0,13,12,18,2,15,27,4,13,3.0
0,13,12,18,2,15,27,4,13,3.0
0,13,12,18,2,15,27,4,13,3.0
0,13,14,18,2,15,27,4,13,3.0
0,13,14,18,2,15,27,4,13,3.0
0,13,14,18,2,15,27,4,13,3.0
0,13,15,18,2,15,15,2,13,0.0
0,13,17,18,2,15,27,4,13,0.0
0,13,21,18,2,15,27,4,13,0.0
0,13,23,18,2,15,27,4,13,0.0
0,13,8,19,3,15,27,4,13,0.0
0,13,8,19,3,15,27,4,13,0.0
0,13,8,19,3,15,26,5,13,0.0
0,13,8,19,3,15,27,4,13,0.0
0,13,8,19,3,15,25,5,13,0.0
0,14,8,19,3,15,32,1,14,0.0
0,13,9,19,3,15,27,4,13,3.0
0,13,9,19,3,15,27,4,13,3.0
0,13,9,19,3,15,27,4,13,0.0
0,13,9,19,3,15,27,4,13,3.0
0,13,9,19,3,15,26,5,13,0.0
0,13,11,19,3,15,27,4,13,0.0
0,13,11,19,3,15,27,4,13,0.0
0,13,11,19,3,15,27,4,13,0.0
0,13,11,19,3,15,27,4,13,0.0
0,13,11,19,3,15,27,4,13,0.0
0,13,11,19,3,15,27,4,13,0.0
0,13,11,19,3,15,27,4,13,0.0
0,13,12,19,3,15,27,4,13,0.0
0,13,12,19,3,15,27,4,13,0.0
0,13,12,19,3,15,27,4,13,0.0
0,13,13,19,3,15,27,4,13,0.0
0,13,13,19,3,15,27,4,13,0.0
0,13,14,19,3,15,27,4,13,3.0
0,13,14,19,3,15,27,4,13,0.0
0,10,14,19,3,15,27,4,10,0.0
0,13,14,19,3,15,27,4,13,0.0
0,13,14,19,3,15,26,5,13,0.0
0,13,14,19,3,15,27,4,13,0.0
0,13,14,19,3,15,27,4,13,0.0
0,13,14,19,3,15,27,4,13,3.0
0,13,14,19,3,15,27,4,13,3.0
0,13,14,19,3,15,27,4,13,0.0
0,13,14,19,3,15,27,4,13,3.0
0,13,14,19,3,15,27,4,13,0.0
0,13,15,19,3,15,27,4,13,0.0
0,13,16,19,3,15,26,5,13,0.0
0,13,17,19,3,15,27,4,13,0.0
0,13,18,19,3,15,27,4,13,0.0
0,13,18,19,3,15,27,4,13,0.0
0,13,19,19,3,15,26,5,13,0.0
0,14,22,19,3,15,32,1,14,6.0
0,14,9,20,4,15,32,1,14,0.0
0,13,9,20,4,15,26,5,13,0.0
0,13,10,20,4,15,27,4,13,0.0
0,13,10,20,4,15,26,5,13,0.0
0,14,10,20,4,15,32,1,14,0.0
0,13,12,20,4,15,27,4,13,0.0
0,13,13,20,4,15,27,4,13,0.0
0,13,14,20,4,15,9,5,13,0.0
0,14,14,20,4,15,32,1,14,4.0
0,13,15,20,4,15,27,4,13,0.0
0,13,15,20,4,15,27,4,13,0.0
0,13,16,20,4,15,27,4,13,0.0
0,13,16,20,4,15,27,4,13,0.0
0,13,17,20,4,15,27,4,13,0.0
0,13,17,20,4,15,27,4,13,0.0
0,13,18,20,4,15,27,4,13,0.0
0,13,3,21,5,15,26,5,13,4.0
0,13,3,21,5,15,26,5,13,4.0
0,13,3,21,5,15,26,5,13,4.0
0,13,3,21,5,15,26,5,13,4.0
0,13,3,21,5,15,26,5,13,4.0
0,13,3,21,5,15,27,4,13,0.0
0,13,3,21,5,15,26,5,13,0.0
0,13,4,21,5,15,27,4,13,0.0
0,13,7,21,5,15,27,4,13,0.0
0,13,9,21,5,15,26,5,13,0.0
0,13,9,21,5,15,27,4,13,0.0
0,13,10,21,5,15,26,5,13,3.0
